Ticker,1514.T,1514.T,1514.T,1514.T,1514.T,1514.T,9504.T,9504.T,9504.T,9504.T,9504.T,9504.T,9506.T,9506.T,9506.T,9506.T,9506.T,9506.T,5021.T,5021.T,5021.T,5021.T,5021.T,5021.T,1515.T,1515.T,1515.T,1515.T,1515.T,1515.T,1941.T,1941.T,1941.T,1941.T,1941.T,1941.T,1930.T,1930.T,1930.T,1930.T,1930.T,1930.T,1942.T,1942.T,1942.T,1942.T,1942.T,1942.T,1605.T,1605.T,1605.T,1605.T,1605.T,1605.T,1662.T,1662.T,1662.T,1662.T,1662.T,1662.T,1959.T,1959.T,1959.T,1959.T,1959.T,1959.T,9511.T,9511.T,9511.T,9511.T,9511.T,9511.T,1946.T,1946.T,1946.T,1946.T,1946.T,1946.T,1934.T,1934.T,1934.T,1934.T,1934.T,1934.T,9503.T,9503.T,9503.T,9503.T,9503.T,9503.T,9513.T,9513.T,9513.T,9513.T,9513.T,9513.T,9508.T,9508.T,9508.T,9508.T,9508.T,9508.T,5019.T,5019.T,5019.T,5019.T,5019.T,5019.T,9505.T,9505.T,9505.T,9505.T,9505.T,9505.T,9507.T,9507.T,9507.T,9507.T,9507.T,9507.T,5020.T,5020.T,5020.T,5020.T,5020.T,5020.T,9501.T,9501.T,9501.T,9501.T,9501.T,9501.T,1939.T,1939.T,1939.T,1939.T,1939.T,1939.T,9509.T,9509.T,9509.T,9509.T,9509.T,9509.T,9502.T,9502.T,9502.T,9502.T,9502.T,9502.T
Price,Open,High,Low,Close,Adj Close,Volume,Open,High,Low,Close,Adj Close,Volume,Open,High,Low,Close,Adj Close,Volume,Open,High,Low,Close,Adj Close,Volume,Open,High,Low,Close,Adj Close,Volume,Open,High,Low,Close,Adj Close,Volume,Open,High,Low,Close,Adj Close,Volume,Open,High,Low,Close,Adj Close,Volume,Open,High,Low,Close,Adj Close,Volume,Open,High,Low,Close,Adj Close,Volume,Open,High,Low,Close,Adj Close,Volume,Open,High,Low,Close,Adj Close,Volume,Open,High,Low,Close,Adj Close,Volume,Open,High,Low,Close,Adj Close,Volume,Open,High,Low,Close,Adj Close,Volume,Open,High,Low,Close,Adj Close,Volume,Open,High,Low,Close,Adj Close,Volume,Open,High,Low,Close,Adj Close,Volume,Open,High,Low,Close,Adj Close,Volume,Open,High,Low,Close,Adj Close,Volume,Open,High,Low,Close,Adj Close,Volume,Open,High,Low,Close,Adj Close,Volume,Open,High,Low,Close,Adj Close,Volume,Open,High,Low,Close,Adj Close,Volume,Open,High,Low,Close,Adj Close,Volume
Date,,,,,,,,,,,,,,,,,,,,,,,,,,,,,,,,,,,,,,,,,,,,,,,,,,,,,,,,,,,,,,,,,,,,,,,,,,,,,,,,,,,,,,,,,,,,,,,,,,,,,,,,,,,,,,,,,,,,,,,,,,,,,,,,,,,,,,,,,,,,,,,,,,,,,,
2025-07-22,605.0,618.0,603.0,607.0,607.0,179600,788.9000244140625,789.0,772.5,781.0999755859375,772.1761474609375,3790900,1064.5,1072.5,1046.0,1055.0,1036.236083984375,2819100,3159.0,3185.0,3137.0,3166.5,3101.939208984375,497800,1456.0,1506.0,1446.0,1500.0,1484.7144775390625,148000,3495.0,3550.0,3495.0,3515.0,3459.001220703125,55300,1232.0,1251.0,1215.0,1243.0,1225.436767578125,76000,3443.0,3488.0,3432.0,3464.0,3426.63671875,594200,2040.5,2044.0,2014.0,2039.0,2039.0,4371300,1033.0,1043.0,1030.0,1039.0,1023.4925537109375,509600,6250.0,6280.0,6165.0,6237.0,6160.8359375,151700,925.0,935.0,924.0,935.0,921.6173706054688,175100,1293.0,1298.0,1275.0,1288.0,1268.2398681640625,134400,2357.0,2373.0,2333.0,2349.0,2319.0126953125,95500,1788.0,1802.5,1738.0,1778.0,1753.8314208984375,14416500,2540.5,2555.5,2517.0,2532.5,2487.89013671875,768600,1324.0,1328.0,1282.5,1303.5,1282.1939697265625,2815600,918.7999877929688,925.9000244140625,912.5,924.4000244140625,908.680419921875,4321600,748.2000122070312,757.0,738.2999877929688,742.5,734.0557861328125,1250200,1250.0,1258.0,1231.0,1242.5,1219.8349609375,1008900,741.4000244140625,747.5,734.7999877929688,743.5,731.9990234375,8596100,542.0,561.0999755859375,534.7999877929688,551.0,551.0,86525900,1297.0,1309.0,1296.0,1306.0,1275.8470458984375,54800,821.9000244140625,854.9000244140625,816.9000244140625,825.5999755859375,814.7272338867188,10537000,1830.5,1843.0,1795.0,1809.5,1779.512939453125,3085000
2025-07-23,609.0,651.0,609.0,632.0,632.0,641200,786.0,805.4000244140625,783.2000122070312,801.2000122070312,792.0465698242188,3773000,1067.0,1095.0,1063.5,1092.0,1072.5780029296875,3802200,3250.0,3313.5,3247.5,3271.5,3204.79833984375,1168200,1516.0,1524.0,1498.0,1512.0,1496.5921630859375,192000,3525.0,3550.0,3505.0,3535.0,3478.6826171875,88700,1246.0,1269.0,1240.0,1256.0,1238.2530517578125,54900,3462.0,3467.0,3376.0,3402.0,3365.305419921875,1009100,2060.0,2090.0,2054.0,2069.5,2069.5,7071800,1052.0,1064.0,1050.0,1059.0,1043.194091796875,991400,6237.0,6239.0,6140.0,6164.0,6088.72705078125,220200,937.0,956.0,937.0,955.0,941.3311157226562,366500,1288.0,1295.0,1264.0,1280.0,1260.3626708984375,184800,2375.0,2378.0,2318.0,2330.0,2300.25537109375,147400,1778.0,1832.0,1776.0,1825.5,1800.6856689453125,11114500,2548.0,2593.5,2540.0,2584.5,2538.97412109375,863000,1313.5,1348.5,1313.0,1336.0,1314.162841796875,2625600,931.9000244140625,953.5,931.0,940.2999877929688,924.3099975585938,6772200,747.5999755859375,767.9000244140625,744.0,760.0,751.3567504882812,2016200,1243.0,1270.0,1238.5,1260.0,1237.015625,955100,751.0,768.0,749.5,762.4000244140625,750.606689453125,13250600,553.0,581.7000122070312,551.4000244140625,575.7000122070312,575.7000122070312,108854800,1307.0,1328.0,1301.0,1322.0,1291.4776611328125,161000,824.5999755859375,856.5,823.5,845.5,834.365234375,8195600,1828.0,1864.5,1822.0,1858.0,1827.209228515625,4098500
2025-07-24,635.0,645.0,627.0,644.0,644.0,266100,801.5,817.0999755859375,790.0,814.4000244140625,805.0957641601562,2999000,1090.0,1113.0,1084.5,1110.5,1090.7490234375,2348600,3294.5,3314.0,3286.0,3292.0,3224.88037109375,617400,1512.0,1558.0,1500.0,1558.0,1542.1234130859375,242000,3535.0,3550.0,3515.0,3545.0,3488.523193359375,48700,1256.0,1272.0,1245.0,1266.0,1248.1116943359375,47500,3366.0,3424.0,3356.0,3413.0,3376.186767578125,1218900,2088.0,2105.0,2084.0,2086.0,2086.0,6306700,1060.0,1070.0,1056.0,1064.0,1048.119384765625,795200,6140.0,6218.0,6090.0,6196.0,6120.33642578125,320500,955.0,967.0,952.0,967.0,953.1593627929688,266400,1285.0,1305.0,1279.0,1301.0,1281.0404052734375,218500,2330.0,2375.0,2323.0,2360.0,2329.872314453125,97000,1832.0,1865.0,1812.0,1847.0,1821.8934326171875,7532700,2587.0,2604.5,2573.0,2594.5,2548.798095703125,825700,1336.0,1358.5,1327.0,1351.5,1329.409423828125,2006500,945.9000244140625,957.9000244140625,943.5,951.4000244140625,935.2212524414062,3726100,758.9000244140625,775.0,754.0,770.0,761.2430419921875,995300,1265.0,1282.0,1252.5,1280.5,1257.1417236328125,758700,771.7000122070312,778.7999877929688,766.0999755859375,773.5,761.5349731445312,11624500,579.0,586.0,572.5,574.9000244140625,574.9000244140625,66568600,1322.0,1328.0,1317.0,1326.0,1295.38525390625,81400,850.0,897.5999755859375,843.0,879.5,867.91748046875,10257100,1857.5,1885.0,1842.0,1875.0,1843.927490234375,2420100
2025-07-25,647.0,648.0,628.0,637.0,637.0,160700,815.0,828.0,810.5999755859375,823.4000244140625,813.9929809570312,2698900,1105.0,1117.0,1092.5,1104.0,1084.3646240234375,1727200,3300.0,3305.0,3268.0,3279.5,3212.63525390625,474200,1560.0,1590.0,1542.0,1584.0,1567.8583984375,256500,3550.0,3600.0,3530.0,3590.0,3532.806396484375,79100,1274.0,1296.0,1271.0,1288.0,1269.8009033203125,51500,3400.0,3463.0,3385.0,3458.0,3420.701416015625,841900,2094.5,2107.0,2081.5,2103.0,2103.0,3264700,1075.0,1076.0,1060.0,1069.0,1053.0447998046875,670200,6260.0,6828.0,6200.0,6676.0,6594.474609375,994100,965.0,975.0,958.0,967.0,953.1593627929688,179000,1305.0,1335.0,1285.0,1335.0,1314.518798828125,182800,2350.0,2405.0,2340.0,2405.0,2374.2978515625,96100,1847.5,1884.0,1824.5,1857.5,1832.250732421875,6290700,2594.5,2599.5,2572.5,2576.5,2531.114990234375,711000,1350.5,1367.5,1339.0,1359.5,1337.2786865234375,1392800,953.0,953.0999755859375,944.7000122070312,952.0,935.81103515625,3081500,766.7000122070312,773.5,760.0999755859375,764.4000244140625,755.7067260742188,895400,1275.5,1292.5,1267.0,1283.0,1259.5960693359375,507100,779.0,779.2999877929688,772.2000122070312,775.4000244140625,763.4055786132812,9520000,565.9000244140625,584.4000244140625,564.0,571.7999877929688,571.7999877929688,55138400,1326.0,1331.0,1314.0,1324.0,1293.431396484375,79000,881.0,896.2999877929688,853.7999877929688,884.0999755859375,872.4568481445312,9869400,1876.0,1883.0,1861.0,1877.5,1846.3861083984375,1560400
2025-07-28,637.0,639.0,631.0,635.0,635.0,119800,823.0,831.2000122070312,815.7000122070312,830.2999877929688,820.8140869140625,2488600,1101.0,1109.5,1094.0,1109.5,1089.766845703125,1654400,3284.0,3290.5,3256.5,3275.0,3208.22705078125,378600,1574.0,1574.0,1494.0,1498.0,1482.73486328125,215500,3590.0,3640.0,3525.0,3525.0,3468.842041015625,95700,1297.0,1310.0,1293.0,1302.0,1283.60302734375,69600,3461.0,3512.0,3427.0,3428.0,3391.02490234375,828900,2103.0,2113.0,2086.0,2088.0,2088.0,3254100,1070.0,1075.0,1065.0,1069.0,1053.0447998046875,549400,6876.0,7000.0,6581.0,6582.0,6501.62255859375,941400,967.0,971.0,959.0,966.0,952.1736450195312,148000,1346.0,1361.0,1335.0,1341.0,1320.4267578125,359800,2405.0,2422.0,2382.0,2388.0,2357.514892578125,111500,1849.5,1865.5,1838.5,1849.0,1823.8663330078125,3882600,2582.0,2586.5,2540.0,2545.5,2500.6611328125,844000,1352.5,1364.0,1350.0,1358.5,1336.2950439453125,1455200,952.0,955.9000244140625,949.0999755859375,953.4000244140625,937.187255859375,2295700,764.4000244140625,771.7000122070312,762.2999877929688,769.5999755859375,760.8475341796875,733700,1283.0,1284.5,1263.0,1272.0,1248.7967529296875,566600,775.0,778.2000122070312,770.7000122070312,774.0,762.0272216796875,6799900,575.5999755859375,593.5,574.0,590.2000122070312,590.2000122070312,83587500,1335.0,1347.0,1327.0,1329.0,1298.3160400390625,114600,895.0,909.7999877929688,878.0,891.4000244140625,879.6607666015625,8473200,1874.0,1880.5,1864.0,1872.5,1841.4688720703125,1534900
2025-07-29,636.0,638.0,627.0,627.0,627.0,165700,830.0,832.5999755859375,815.0,828.7999877929688,819.3312377929688,2718800,1097.5,1109.5,1089.0,1107.5,1087.8023681640625,1618600,3278.0,3293.5,3275.0,3284.0,3217.04345703125,320800,1476.0,1494.0,1470.0,1492.0,1476.7960205078125,203000,3490.0,3550.0,3480.0,3545.0,3488.523193359375,82700,1302.0,1330.0,1240.0,1325.0,1306.278076171875,216800,3389.0,3512.0,3378.0,3461.0,3423.6689453125,1056500,2088.0,2114.0,2081.0,2111.5,2111.5,4213700,1070.0,1075.0,1066.0,1072.0,1056.0,596400,6580.0,6580.0,6388.0,6425.0,6346.5400390625,511000,966.0,966.0,956.0,965.0,951.18798828125,133600,1341.0,1355.0,1322.0,1354.0,1333.227294921875,377700,2376.0,2418.0,2370.0,2413.0,2382.19580078125,137500,1837.5,1842.0,1811.5,1836.5,1811.5362548828125,4225200,2545.5,2570.5,2543.5,2569.5,2524.23828125,540300,1351.0,1353.0,1334.0,1352.5,1330.39306640625,1565900,953.0,961.0,950.0999755859375,957.4000244140625,941.1192626953125,2979000,764.5,770.7999877929688,757.0,768.0999755859375,759.3646240234375,958600,1265.0,1280.0,1258.5,1274.5,1251.251220703125,597100,775.0999755859375,784.0,773.2999877929688,782.5,770.395751953125,10946700,590.2999877929688,592.9000244140625,574.4000244140625,582.0999755859375,582.0999755859375,55643800,1310.0,1321.0,1305.0,1319.0,1288.546875,110600,888.0,896.5,874.0,894.9000244140625,883.1146850585938,5675600,1854.0,1869.5,1839.5,1869.5,1838.5186767578125,2081500
2025-07-30,627.0,639.0,627.0,635.0,635.0,153000,830.0,838.0,828.0999755859375,833.0999755859375,823.5820922851562,2218600,1102.0,1110.0,1097.0,1104.0,1084.3646240234375,1575600,3313.5,3348.5,3300.0,3336.5,3268.47314453125,556200,1494.0,1516.0,1478.0,1508.0,1492.6329345703125,129000,3540.0,3660.0,3540.0,3620.0,3562.328369140625,103200,1316.0,1369.0,1316.0,1367.0,1347.6845703125,166100,3491.0,3560.0,3479.0,3546.0,3507.752197265625,1396300,2128.0,2133.0,2116.5,2125.0,2125.0,14617000,1077.0,1088.0,1076.0,1088.0,1071.76123046875,639800,6408.0,6487.0,6395.0,6464.0,6385.0634765625,279800,961.0,1002.0,961.0,993.0,978.7872314453125,479300,1342.0,1360.0,1305.0,1325.0,1304.6722412109375,473300,2423.0,2647.0,2418.0,2479.0,2447.353271484375,520100,1819.0,1844.0,1818.0,1827.5,1802.6585693359375,5064100,2570.0,2589.0,2565.5,2579.5,2534.062255859375,557000,1361.0,1365.0,1350.0,1359.0,1336.786865234375,1509900,957.5999755859375,967.2000122070312,956.5,967.0,950.5559692382812,2757800,764.5999755859375,779.0,764.5999755859375,776.5,767.6691284179688,1628500,1270.0,1286.5,1270.0,1281.0,1257.632568359375,503500,784.2000122070312,790.5999755859375,779.2000122070312,789.4000244140625,777.1890258789062,8409200,581.0,593.5,578.5,590.0999755859375,590.0999755859375,70050400,1322.0,1335.0,1317.0,1334.0,1303.2005615234375,93900,899.9000244140625,913.2999877929688,890.5999755859375,907.5,895.5487060546875,11029700,1835.0,1853.5,1815.5,1835.5,1805.0821533203125,3320500
2025-07-31,626.0,634.0,618.0,626.0,626.0,334800,833.0,846.0,816.0,821.4000244140625,812.0158081054688,3154100,1111.0,1140.0,1060.0,1060.5,1041.6383056640625,4600200,3327.5,3362.5,3327.5,3358.5,3290.0244140625,502800,1478.0,1500.0,1472.0,1492.0,1476.7960205078125,188000,3620.0,3690.0,3590.0,3670.0,3611.531982421875,154200,1368.0,1393.0,1342.0,1351.0,1331.91064453125,119000,3562.0,3719.0,3431.0,3596.0,3557.212890625,3338800,2134.0,2149.0,2129.5,2147.5,2147.5,5064800,1084.0,1095.0,1083.0,1095.0,1078.65673828125,735400,6444.0,6482.0,6410.0,6457.0,6378.1494140625,281600,990.0,996.0,959.0,965.0,951.18798828125,531500,1321.0,1341.0,1316.0,1336.0,1315.5035400390625,368100,2461.0,2517.0,2431.0,2476.0,2444.3916015625,257800,1814.0,1883.5,1803.0,1821.5,1796.7401123046875,7769900,2596.0,2647.0,2588.0,2608.5,2562.55126953125,1205400,1361.0,1395.0,1338.5,1341.0,1319.0810546875,3454600,966.2000122070312,974.7999877929688,964.0,968.7999877929688,952.3253173828125,2767500,791.5,798.5,764.5,783.0,774.09521484375,2691900,1280.0,1322.0,1240.0,1260.0,1237.015625,1137800,788.7999877929688,795.9000244140625,787.0,793.5999755859375,781.323974609375,10293000,564.9000244140625,602.2999877929688,561.5,575.0,575.0,109916200,1335.0,1339.0,1323.0,1338.0,1307.108154296875,142100,901.5,924.4000244140625,893.7999877929688,906.9000244140625,894.9566040039062,11674500,1847.0,1859.5,1829.5,1845.5,1814.9163818359375,2670800
2025-08-01,636.0,680.0,632.0,662.0,662.0,905800,817.5,829.7000122070312,798.4000244140625,825.5,816.0689697265625,3614200,1060.0,1073.5,1036.5,1062.0,1043.111572265625,4279000,3342.0,3406.0,3342.0,3382.5,3313.53515625,518400,1492.0,1506.0,1480.0,1496.0,1480.7552490234375,111000,3740.0,3855.0,3740.0,3745.0,3685.3369140625,171700,1348.0,1392.0,1345.0,1366.0,1346.69873046875,66100,3647.0,3788.0,3585.0,3725.0,3684.821533203125,1817600,2147.5,2159.5,2134.0,2158.5,2158.5,4913800,1097.0,1108.0,1093.0,1107.0,1090.4776611328125,863100,6421.0,6674.0,6406.0,6610.0,6529.28076171875,335900,959.0,973.0,946.0,970.0,956.1163940429688,259300,1320.0,1369.0,1313.0,1364.0,1343.073974609375,267400,2445.0,2544.0,2439.0,2505.0,2473.021240234375,185700,1820.0,1892.5,1812.5,1884.0,1858.3905029296875,7031800,2650.0,2726.0,2649.0,2680.5,2633.283203125,1539700,1360.0,1374.0,1328.5,1339.0,1317.11376953125,3279200,972.2000122070312,982.5,966.7999877929688,978.0999755859375,961.4671630859375,2560800,789.4000244140625,806.2999877929688,778.7999877929688,797.7999877929688,788.7268676757812,1552200,1240.5,1276.0,1235.0,1268.5,1245.360595703125,862300,790.5,799.7000122070312,788.0,794.5999755859375,782.3085327148438,10356500,565.0,605.9000244140625,563.0,595.0,595.0,128919600,1300.0,1315.0,1293.0,1308.0,1277.8009033203125,271400,921.9000244140625,958.0,915.2000122070312,938.0999755859375,925.7457275390625,15619700,1857.0,1892.5,1838.5,1881.0,1849.828125,2795800
2025-08-04,646.0,652.0,634.0,645.0,645.0,375600,816.5999755859375,828.7000122070312,809.2000122070312,814.7999877929688,805.4911499023438,2144900,1053.0,1061.5,1046.0,1050.5,1031.816162109375,2208500,3300.0,3324.5,3293.5,3322.5,3254.758544921875,518000,1480.0,1506.0,1476.0,1500.0,1484.7144775390625,97000,3675.0,3805.0,3650.0,3720.0,3660.7353515625,132900,1342.0,1355.0,1320.0,1344.0,1325.0096435546875,95600,3675.0,3763.0,3640.0,3703.0,3663.058837890625,1487100,2070.0,2104.0,2059.0,2097.0,2097.0,6634100,1077.0,1086.0,1073.0,1077.0,1060.9254150390625,706000,6592.0,6720.0,6564.0,6710.0,6628.0595703125,309600,959.0,971.0,958.0,962.0,948.2308959960938,167800,1350.0,1384.0,1342.0,1374.0,1352.9205322265625,185500,2490.0,2558.0,2470.0,2528.0,2495.727783203125,160300,1872.0,1887.5,1848.0,1875.0,1849.5128173828125,4376200,2650.5,2653.0,2600.5,2609.0,2563.04248046875,790100,1329.0,1359.0,1320.5,1338.5,1316.6219482421875,1879800,953.0,960.0999755859375,948.0,956.9000244140625,940.6277465820312,5554200,790.0,800.5,784.5,784.9000244140625,775.9736328125,1115600,1256.0,1265.5,1244.5,1249.0,1226.21630859375,613400,770.2999877929688,780.0999755859375,768.9000244140625,777.0999755859375,765.0792236328125,7734200,589.0,603.0,582.9000244140625,584.7000122070312,584.7000122070312,88759200,1305.0,1323.0,1300.0,1323.0,1292.4544677734375,139700,928.2000122070312,998.0,925.0,957.5999755859375,944.9888916015625,20977000,1867.0,1870.0,1844.5,1851.5,1820.81689453125,2256300
2025-08-05,647.0,667.0,639.0,659.0,659.0,305200,823.0,839.7999877929688,821.5,823.9000244140625,814.4872436523438,2640600,1062.0,1097.0,1059.5,1066.5,1047.5316162109375,2544800,3349.5,3362.0,3315.5,3351.0,3282.677490234375,378400,1504.0,1552.0,1494.0,1542.0,1526.2864990234375,131500,3750.0,3800.0,3705.0,3785.0,3724.69970703125,134600,1345.0,1367.0,1325.0,1365.0,1345.712890625,68600,3671.0,3773.0,3664.0,3744.0,3703.616455078125,955800,2111.0,2130.0,2099.0,2117.0,2117.0,3902700,1077.0,1085.0,1073.0,1075.0,1058.9552001953125,665700,6810.0,6910.0,6762.0,6871.0,6787.09375,397600,967.0,984.0,967.0,973.0,959.073486328125,220100,1383.0,1405.0,1375.0,1401.0,1379.5062255859375,190000,2542.0,2582.0,2535.0,2570.0,2537.19140625,129500,1889.5,1958.0,1886.0,1909.5,1883.5439453125,9277900,2617.5,2697.5,2616.5,2673.5,2626.406494140625,906800,1347.0,1388.5,1346.0,1362.5,1340.2296142578125,3069300,962.5,964.5,954.7000122070312,961.7999877929688,945.4443969726562,3026100,791.0,811.4000244140625,787.5,789.2000122070312,780.2246704101562,1593300,1258.5,1298.0,1255.0,1277.5,1254.1964111328125,777900,782.0,787.7999877929688,776.0,783.0,770.8880004882812,8876900,588.4000244140625,636.4000244140625,587.2999877929688,618.5,618.5,149953300,1324.0,1334.0,1317.0,1330.0,1299.29296875,104000,972.0,1028.0,969.5999755859375,977.0999755859375,964.2321166992188,22184200,1860.0,1901.5,1855.0,1891.5,1860.154052734375,3311700
2025-08-06,664.0,673.0,655.0,672.0,672.0,259700,832.5,839.4000244140625,829.5999755859375,837.9000244140625,828.3272705078125,1875600,1070.0,1087.5,1069.0,1084.5,1065.21142578125,1640300,3364.0,3428.5,3360.0,3417.0,3347.331787109375,833800,1500.0,1594.0,1492.0,1570.0,1554.0010986328125,538000,3805.0,3880.0,3800.0,3865.0,3803.42529296875,82400,1375.0,1432.0,1375.0,1423.0,1402.893310546875,83700,3750.0,3858.0,3746.0,3844.0,3802.537841796875,1071700,2122.0,2175.0,2121.5,2175.0,2175.0,5037500,1080.0,1097.0,1078.0,1080.0,1063.880615234375,1347100,6922.0,7088.0,6893.0,7067.0,6980.7001953125,367100,982.0,983.0,971.0,975.0,961.0448608398438,125200,1414.0,1447.0,1411.0,1445.0,1422.831298828125,238900,2578.0,2689.0,2570.0,2678.0,2643.812744140625,174000,1917.0,1950.0,1916.0,1936.0,1909.6837158203125,4742000,2677.5,2717.0,2677.5,2710.0,2662.263427734375,636800,1367.0,1376.0,1354.0,1369.5,1347.115234375,1961300,965.0,984.2000122070312,963.5,976.7000122070312,960.0910034179688,3751400,809.0,819.7000122070312,805.4000244140625,812.4000244140625,803.1608276367188,1331400,1277.5,1290.0,1274.5,1281.5,1258.12353515625,567200,787.0,810.7000122070312,786.2000122070312,806.7000122070312,794.2213745117188,13213100,630.0,643.5,619.0,630.0,630.0,94180800,1323.0,1349.0,1322.0,1346.0,1314.9234619140625,84500,980.7000122070312,1005.0,955.0999755859375,964.5999755859375,951.896728515625,15901500,1895.0,1925.0,1892.5,1910.5,1878.8392333984375,2796400
2025-08-07,672.0,674.0,659.0,667.0,667.0,307600,837.4000244140625,857.0,829.7999877929688,854.5,844.7376098632812,2704100,1087.5,1110.0,1084.0,1110.0,1090.2579345703125,1491800,3414.0,3445.0,3393.5,3427.0,3357.1279296875,638400,1576.0,1584.0,1512.0,1526.0,1510.449462890625,322500,3865.0,3920.0,3860.0,3895.0,3832.947265625,101400,1430.0,1462.0,1430.0,1458.0,1437.3988037109375,64900,3869.0,3910.0,3818.0,3881.0,3839.138916015625,1157800,2160.0,2189.5,2150.5,2189.0,2189.0,4347700,1080.0,1144.0,1076.0,1142.0,1124.9552001953125,3194600,7150.0,7178.0,7067.0,7121.0,7034.04052734375,347100,975.0,987.0,971.0,987.0,972.8731079101562,192900,1457.0,1462.0,1429.0,1455.0,1432.6778564453125,232000,2686.0,2707.0,2617.0,2673.0,2638.876708984375,189400,1948.5,1990.0,1940.5,1990.0,1962.94970703125,6774600,2717.5,2765.0,2691.5,2763.5,2714.821044921875,768800,1365.0,1415.0,1364.5,1415.0,1391.87158203125,3377900,975.5999755859375,990.0,971.0,985.7000122070312,968.93798828125,3249800,809.0,832.5,806.0,830.4000244140625,820.9561157226562,1118700,1286.0,1312.0,1280.5,1312.0,1288.067138671875,547200,805.9000244140625,815.7000122070312,802.4000244140625,813.7000122070312,801.1130981445312,8122500,626.0,650.9000244140625,620.5,647.9000244140625,647.9000244140625,90376500,1350.0,1365.0,1349.0,1359.0,1327.6234130859375,165900,966.0,1029.5,962.0999755859375,1022.5,1009.0342407226562,17813800,1910.0,1962.0,1901.5,1957.5,1925.060302734375,3212000
2025-08-08,665.0,673.0,656.0,663.0,663.0,243300,859.0,879.0,856.2999877929688,872.0,862.0377197265625,3410900,1121.0,1154.5,1119.5,1142.0,1121.688720703125,3618400,3360.0,3480.0,3333.0,3479.0,3408.067626953125,1006600,1526.0,1586.0,1526.0,1546.0,1530.2457275390625,171500,3900.0,3905.0,3850.0,3870.0,3808.345703125,104500,1462.0,1475.0,1417.0,1431.0,1410.7802734375,69500,3880.0,3906.0,3838.0,3843.0,3801.548828125,1335100,2184.0,2268.0,2176.0,2230.0,2230.0,10682600,1138.0,1166.0,1129.0,1162.0,1144.65673828125,1874100,7148.0,7240.0,7118.0,7193.0,7105.16162109375,279800,990.0,1003.0,985.0,1002.0,987.6583862304688,226400,1460.0,1476.0,1425.0,1435.0,1412.984619140625,279900,2650.0,2679.0,2628.0,2640.0,2606.2978515625,128900,1990.0,2015.0,1974.5,1984.5,1957.5244140625,7539100,2780.0,2822.5,2776.5,2799.0,2749.69580078125,830400,1420.5,1453.5,1419.0,1435.5,1412.0364990234375,3359900,979.4000244140625,994.0999755859375,974.2000122070312,994.0999755859375,977.1951293945312,5964700,830.0,849.5999755859375,829.7999877929688,840.5,830.9412841796875,1226800,1320.0,1331.5,1315.5,1322.5,1298.3756103515625,599100,819.0999755859375,850.7000122070312,804.0999755859375,833.7000122070312,820.8037719726562,31771700,651.0,669.0,646.2999877929688,666.0,666.0,104666700,1358.0,1365.0,1346.0,1363.0,1331.531005859375,117400,1029.5,1068.0,1027.0,1047.5,1033.7049560546875,12532300,1965.0,1995.0,1965.0,1973.5,1940.795166015625,3333500
2025-08-12,664.0,673.0,661.0,671.0,671.0,244100,883.2999877929688,890.5,876.0,880.2999877929688,870.2428588867188,4060100,1155.0,1165.0,1146.5,1150.0,1129.5465087890625,2617000,3503.0,3511.5,3441.0,3469.5,3398.76123046875,1111000,1552.0,1574.0,1544.0,1566.0,1550.0418701171875,238000,3900.0,3905.0,3800.0,3810.0,3749.301513671875,128300,1437.0,1469.0,1417.0,1464.0,1443.3140869140625,64900,3909.0,3937.0,3869.0,3909.0,3866.8369140625,941100,2338.5,2404.5,2332.0,2388.0,2388.0,17093000,1162.0,1181.0,1153.0,1165.0,1147.6119384765625,1505000,7250.0,7306.0,7200.0,7242.0,7153.56298828125,318400,1007.0,1010.0,993.0,995.0,980.7586059570312,225900,1452.0,1452.0,1429.0,1436.0,1413.9693603515625,226900,2660.0,2660.0,2630.0,2642.0,2608.2724609375,129300,2000.0,2034.5,1995.0,2006.5,1979.225341796875,6568500,2802.0,2835.0,2784.5,2801.5,2752.151611328125,1072700,1450.0,1483.5,1448.0,1460.5,1436.6278076171875,3691500,988.7999877929688,988.7999877929688,959.9000244140625,965.0,948.5899658203125,10380400,854.0,859.9000244140625,843.9000244140625,844.7000122070312,835.093505859375,1118900,1326.0,1336.5,1313.5,1318.5,1294.4486083984375,612900,838.0,846.2999877929688,829.5,835.0,822.0836181640625,14964700,676.0,682.0999755859375,664.0,668.5999755859375,668.5999755859375,95039000,1367.0,1371.0,1360.0,1362.0,1330.5540771484375,160400,1055.5,1092.0,1044.0,1050.5,1036.66552734375,12386600,1985.0,2014.5,1981.0,1984.5,1951.6129150390625,3240800
2025-08-13,672.0,689.0,668.0,679.0,679.0,408100,883.2000122070312,888.5,873.2000122070312,874.2999877929688,864.3114013671875,2701700,1155.0,1163.5,1145.0,1148.0,1127.58203125,2155600,3499.0,3581.5,3485.0,3546.5,3474.19140625,963800,1576.0,1580.0,1548.0,1556.0,1540.143798828125,128500,3800.0,3850.0,3755.0,3830.0,3768.98291015625,67300,1458.0,1467.0,1435.0,1450.0,1429.5118408203125,39400,3910.0,3970.0,3897.0,3939.0,3896.51318359375,911500,2365.0,2369.0,2336.0,2342.0,2342.0,6964100,1168.0,1170.0,1155.0,1165.0,1147.6119384765625,781000,7283.0,7292.0,7175.0,7273.0,7184.1845703125,221500,996.0,1002.0,992.0,997.0,982.72998046875,119300,1427.0,1435.0,1411.0,1423.0,1401.168701171875,160600,2611.0,2692.0,2598.0,2677.0,2642.82568359375,143700,2005.5,2017.0,1984.5,1999.5,1972.320556640625,5802200,2802.5,2821.5,2797.0,2818.0,2768.361083984375,579600,1459.0,1471.0,1443.0,1447.5,1423.84033203125,2542900,966.9000244140625,973.9000244140625,957.2000122070312,960.2000122070312,943.8716430664062,6595700,850.7000122070312,856.5,844.5,851.0999755859375,841.420654296875,812400,1321.5,1328.0,1313.5,1325.0,1300.8299560546875,545600,830.9000244140625,843.2999877929688,829.0999755859375,841.2000122070312,828.187744140625,12008800,669.9000244140625,718.4000244140625,668.5999755859375,716.2999877929688,716.2999877929688,139113100,1362.0,1370.0,1351.0,1364.0,1332.5079345703125,112700,1068.0,1119.0,1061.5,1117.5,1102.7830810546875,15175600,1999.5,2008.0,1977.5,1998.5,1965.380859375,2902400
2025-08-14,679.0,682.0,649.0,650.0,650.0,371300,879.5,902.7000122070312,873.2000122070312,894.5999755859375,884.3794555664062,3097300,1140.5,1167.0,1140.5,1156.5,1135.930908203125,1599200,3520.0,3548.0,3486.0,3486.0,3414.9248046875,914000,1556.0,1574.0,1544.0,1546.0,1530.2457275390625,157500,3805.0,3820.0,3755.0,3795.0,3734.54052734375,51500,1434.0,1448.0,1429.0,1448.0,1427.5401611328125,26700,3916.0,3960.0,3825.0,3956.0,3913.329833984375,1065700,2325.0,2338.5,2300.0,2310.5,2310.5,5933300,1158.0,1166.0,1145.0,1151.0,1133.8209228515625,789100,7271.0,7293.0,7173.0,7272.0,7183.19677734375,204100,996.0,1016.0,993.0,1009.0,994.5582275390625,241100,1413.0,1423.0,1402.0,1417.0,1395.2608642578125,160900,2630.0,2688.0,2600.0,2682.0,2647.76171875,174400,1990.0,2019.5,1981.0,2007.5,1980.2117919921875,4946000,2796.0,2826.0,2784.5,2812.5,2762.9580078125,712900,1440.0,1475.5,1440.0,1468.0,1444.0052490234375,2633400,956.0,967.7000122070312,951.2999877929688,955.4000244140625,939.1532592773438,4399500,851.0999755859375,873.0,849.0,866.4000244140625,856.5467529296875,1239900,1315.0,1339.0,1313.5,1327.0,1302.79345703125,574400,845.0,858.0,844.5,847.2999877929688,834.193359375,17260500,708.0999755859375,741.2999877929688,705.2999877929688,723.9000244140625,723.9000244140625,121439800,1358.0,1360.0,1350.0,1352.0,1320.784912109375,146500,1107.0,1151.0,1094.5,1141.0,1125.9736328125,12328600,1976.0,2015.0,1972.5,2003.0,1969.8062744140625,2012300
2025-08-15,651.0,660.0,649.0,653.0,653.0,243300,902.4000244140625,923.2999877929688,900.4000244140625,921.4000244140625,910.8733520507812,3519000,1160.5,1188.0,1160.0,1187.5,1166.3795166015625,2697400,3475.5,3551.0,3468.0,3545.0,3472.721923828125,994000,1556.0,1586.0,1544.0,1586.0,1569.838134765625,175000,3795.0,3805.0,3765.0,3780.0,3719.779541015625,55900,1450.0,1468.0,1437.0,1459.0,1438.3846435546875,37900,3934.0,3959.0,3906.0,3954.0,3911.3515625,693300,2324.5,2346.5,2311.5,2342.0,2342.0,4861500,1166.0,1188.0,1160.0,1188.0,1170.2686767578125,971400,7221.0,7272.0,7187.0,7267.0,7178.2578125,150900,1010.0,1025.0,1009.0,1024.0,1009.343505859375,229000,1409.0,1417.0,1402.0,1409.0,1387.383544921875,131400,2683.0,2710.0,2653.0,2675.0,2640.85107421875,115800,2020.0,2085.0,2018.0,2080.5,2052.219482421875,7670400,2828.5,2915.0,2828.5,2905.5,2854.31982421875,1143400,1475.0,1524.5,1471.5,1521.0,1496.138916015625,2979500,949.9000244140625,974.0,946.0999755859375,973.5999755859375,957.043701171875,6092700,872.9000244140625,901.0,872.7999877929688,898.2000122070312,887.9850463867188,1681300,1344.0,1393.5,1339.0,1390.0,1364.644287109375,1110200,848.0,868.7000122070312,845.5999755859375,865.7000122070312,852.3087158203125,11415000,733.9000244140625,753.9000244140625,728.7000122070312,740.0,740.0,123123900,1350.0,1357.0,1343.0,1351.0,1319.80810546875,150900,1156.0,1210.0,1153.0,1195.0,1179.262451171875,14689200,2003.0,2040.5,2002.0,2036.0,2002.2593994140625,2786300
2025-08-18,653.0,659.0,649.0,651.0,651.0,126300,920.2000122070312,926.9000244140625,894.2000122070312,895.5,885.2692260742188,3424000,1192.0,1200.0,1151.5,1153.5,1132.9842529296875,3182300,3544.5,3547.5,3515.0,3516.5,3444.802978515625,561400,1590.0,1612.0,1570.0,1608.0,1591.6138916015625,225500,3765.0,3875.0,3760.0,3860.0,3798.5048828125,93100,1459.0,1482.0,1458.0,1464.0,1443.3140869140625,37500,3963.0,3983.0,3891.0,3902.0,3859.912353515625,931600,2354.0,2370.0,2327.0,2330.5,2330.5,4600100,1188.0,1189.0,1147.0,1149.0,1131.8507080078125,2488500,7247.0,7272.0,7173.0,7209.0,7120.9658203125,267300,1029.0,1029.0,998.0,1002.0,987.6583862304688,222200,1400.0,1424.0,1393.0,1418.0,1396.2454833984375,152200,2658.0,2673.0,2640.0,2665.0,2630.978759765625,95000,2100.0,2116.5,2013.5,2018.0,1990.569091796875,5658900,2910.0,2925.0,2857.5,2868.5,2817.971435546875,713700,1536.5,1549.0,1502.0,1510.5,1485.810546875,2948600,973.5,977.9000244140625,967.0999755859375,970.5999755859375,954.0947265625,4100300,905.0,910.0,878.9000244140625,882.0999755859375,872.068115234375,1594900,1400.0,1410.0,1360.5,1360.5,1335.682373046875,784600,869.5,877.7999877929688,866.0999755859375,873.7999877929688,860.283447265625,9074800,747.9000244140625,752.0999755859375,707.4000244140625,713.2999877929688,713.2999877929688,108703000,1351.0,1380.0,1351.0,1378.0,1346.1846923828125,153300,1210.0,1210.0,1115.0,1140.0,1124.98681640625,22314100,2055.0,2090.5,2020.5,2020.5,1987.0162353515625,3041500
2025-08-19,648.0,650.0,641.0,641.0,641.0,210800,900.0,917.0999755859375,890.7999877929688,914.2000122070312,903.755615234375,2363500,1156.0,1175.5,1152.5,1172.0,1151.1551513671875,1476800,3526.0,3543.5,3503.5,3531.0,3459.00732421875,520200,1610.0,1620.0,1592.0,1604.0,1587.6546630859375,181500,3845.0,3870.0,3815.0,3830.0,3768.98291015625,63600,1478.0,1500.0,1465.0,1496.0,1474.8619384765625,52500,3851.0,3889.0,3826.0,3859.0,3817.376220703125,1154600,2330.0,2350.0,2312.0,2350.0,2350.0,5491200,1156.0,1160.0,1144.0,1156.0,1138.746337890625,743500,7191.0,7195.0,7120.0,7164.0,7076.515625,213400,999.0,1010.0,994.0,1008.0,993.572509765625,170600,1418.0,1422.0,1407.0,1415.0,1393.29150390625,111300,2656.0,2675.0,2634.0,2652.0,2618.144775390625,86700,2020.0,2080.0,2015.0,2073.5,2045.3145751953125,4540400,2858.0,2883.5,2842.0,2878.5,2827.79541015625,569700,1517.0,1543.5,1507.5,1540.5,1515.3201904296875,2067800,972.5999755859375,984.5999755859375,966.2999877929688,982.7000122070312,965.989013671875,4252100,885.0,908.2999877929688,882.4000244140625,905.2000122070312,894.9054565429688,1232300,1370.0,1378.5,1359.5,1378.5,1353.35400390625,849200,873.7999877929688,876.4000244140625,864.5,871.2999877929688,857.8220825195312,8175900,717.0999755859375,741.7999877929688,714.2000122070312,739.4000244140625,739.4000244140625,81628700,1370.0,1380.0,1363.0,1375.0,1343.25390625,160100,1145.0,1175.0,1135.0,1170.0,1154.5916748046875,11886400,2031.0,2071.0,2017.0,2068.0,2033.7291259765625,2851100
2025-08-20,640.0,642.0,632.0,633.0,633.0,201000,917.4000244140625,921.7999877929688,908.4000244140625,916.9000244140625,906.4247436523438,1889500,1176.0,1185.0,1157.0,1162.0,1141.3330078125,2401500,3520.5,3599.0,3513.5,3552.5,3480.069091796875,689600,1604.0,1604.0,1580.0,1588.0,1571.8177490234375,134500,3900.0,3940.0,3835.0,3885.0,3823.106689453125,96100,1489.0,1489.0,1445.0,1464.0,1443.3140869140625,32600,3820.0,3858.0,3735.0,3857.0,3815.397705078125,1344500,2354.5,2395.0,2352.0,2374.0,2374.0,6090400,1152.0,1172.0,1148.0,1165.0,1147.6119384765625,1057600,7105.0,7143.0,7023.0,7111.0,7024.16259765625,233500,1009.0,1013.0,1000.0,1006.0,991.6011352539062,148500,1406.0,1410.0,1391.0,1405.0,1383.4449462890625,145400,2646.0,2650.0,2584.0,2634.0,2600.37451171875,117500,2068.0,2079.0,2042.5,2054.0,2026.0797119140625,3352600,2901.5,2918.0,2868.0,2876.5,2825.83056640625,625700,1554.0,1569.0,1517.5,1532.0,1506.9591064453125,1907000,982.7000122070312,996.5999755859375,979.2000122070312,986.5,969.724365234375,3749100,905.2999877929688,910.0,892.0,897.5999755859375,887.391845703125,848300,1375.0,1379.0,1362.5,1369.0,1344.02734375,551600,865.5,883.2999877929688,861.0999755859375,870.2999877929688,856.8375854492188,8793100,736.7999877929688,740.5999755859375,719.2999877929688,735.7000122070312,735.7000122070312,76721700,1375.0,1386.0,1371.0,1379.0,1347.16162109375,128700,1155.0,1180.0,1122.5,1158.5,1143.2431640625,11917700,2062.5,2079.0,2047.5,2066.0,2031.76220703125,2379400
2025-08-21,633.0,633.0,623.0,625.0,625.0,201500,916.0,917.5999755859375,906.0999755859375,915.4000244140625,904.94189453125,1422700,1159.0,1162.0,1145.0,1157.5,1136.9130859375,1530400,3552.5,3560.0,3520.0,3551.5,3479.08935546875,480000,1588.0,1636.0,1586.0,1636.0,1619.32861328125,175500,3870.0,3900.0,3850.0,3880.0,3818.186279296875,60300,1464.0,1464.0,1445.0,1447.0,1426.55419921875,26800,3852.0,3854.0,3801.0,3845.0,3803.527099609375,864200,2380.0,2392.0,2369.0,2391.0,2391.0,3579500,1168.0,1169.0,1155.0,1167.0,1149.5821533203125,517900,7063.0,7146.0,7040.0,7128.0,7040.955078125,213200,1011.0,1011.0,1001.0,1008.0,993.572509765625,133300,1412.0,1421.0,1400.0,1418.0,1396.2454833984375,123300,2634.0,2642.0,2605.0,2641.0,2607.28515625,59200,2054.0,2061.5,2032.0,2056.5,2028.545654296875,3103800,2871.0,2871.0,2834.0,2857.0,2806.674072265625,548000,1527.0,1538.5,1517.5,1538.5,1513.3529052734375,1836800,986.2999877929688,989.7000122070312,976.0,987.7000122070312,970.9039916992188,2456000,897.0,897.5999755859375,879.2000122070312,885.7000122070312,875.627197265625,980600,1368.5,1370.5,1354.5,1368.0,1343.045654296875,397100,868.4000244140625,876.0,863.0,872.2000122070312,858.7081909179688,7969500,728.0999755859375,750.5999755859375,721.7000122070312,748.7000122070312,748.7000122070312,75528900,1374.0,1374.0,1365.0,1365.0,1333.48486328125,128900,1160.0,1174.0,1140.0,1173.0,1157.55224609375,7385300,2066.5,2079.0,2053.0,2077.0,2042.5799560546875,1625400
2025-08-22,629.0,633.0,625.0,626.0,626.0,96000,914.7000122070312,934.9000244140625,911.2000122070312,929.0,918.386474609375,2807600,1155.0,1192.0,1154.0,1189.0,1167.852783203125,2535000,3551.5,3589.5,3550.0,3572.0,3499.17138671875,458400,1640.0,1640.0,1618.0,1622.0,1605.47119140625,132500,3900.0,3960.0,3900.0,3955.0,3891.991455078125,103100,1443.0,1474.0,1435.0,1464.0,1443.3140869140625,32200,3859.0,3949.0,3833.0,3932.0,3889.5888671875,1005200,2407.0,2437.5,2405.0,2428.5,2428.5,6201200,1175.0,1189.0,1172.0,1189.0,1171.2537841796875,613000,7123.0,7196.0,7110.0,7176.0,7088.369140625,148600,1013.0,1023.0,1008.0,1018.0,1003.4293823242188,116400,1430.0,1460.0,1418.0,1460.0,1437.60107421875,203400,2650.0,2694.0,2623.0,2690.0,2655.65966796875,107800,2060.0,2094.5,2052.0,2088.5,2060.11083984375,4027400,2854.0,2890.0,2841.0,2889.0,2838.1103515625,566400,1544.5,1575.0,1539.5,1561.0,1535.485107421875,2265300,995.5,997.9000244140625,986.0999755859375,997.7999877929688,980.8322143554688,2232700,888.0,927.5,886.0,919.4000244140625,908.9439697265625,2004100,1380.0,1410.5,1377.5,1403.5,1377.8980712890625,906900,873.4000244140625,879.4000244140625,869.0999755859375,875.4000244140625,861.8587036132812,9052000,760.0,782.2999877929688,753.2000122070312,761.7999877929688,761.7999877929688,127338900,1367.0,1372.0,1363.0,1371.0,1339.3463134765625,86300,1190.0,1232.0,1181.0,1210.0,1194.06494140625,15599100,2080.0,2097.0,2064.0,2080.5,2046.02197265625,1854500
2025-08-25,627.0,634.0,627.0,627.0,627.0,134500,937.7999877929688,941.0,909.7000122070312,912.5,902.0750122070312,2438600,1200.0,1205.5,1163.5,1163.5,1142.806396484375,2276000,3632.5,3652.5,3561.5,3561.5,3488.885498046875,457400,1628.0,1648.0,1610.0,1618.0,1601.511962890625,135000,3960.0,4010.0,3900.0,3915.0,3852.628662109375,99900,1470.0,1491.0,1456.0,1457.0,1436.4129638671875,42000,3980.0,3995.0,3890.0,3895.0,3852.98779296875,1085400,2463.0,2488.0,2438.0,2452.5,2452.5,4835700,1190.0,1200.0,1186.0,1191.0,1173.223876953125,960400,7174.0,7203.0,7043.0,7067.0,6980.7001953125,179800,1013.0,1018.0,1006.0,1008.0,993.572509765625,124900,1460.0,1468.0,1424.0,1425.0,1403.1380615234375,152700,2700.0,2720.0,2626.0,2638.0,2604.323486328125,115500,2100.0,2115.0,2047.0,2057.5,2029.5321044921875,4101600,2893.0,2897.5,2847.0,2855.5,2805.200439453125,611700,1589.0,1593.0,1538.0,1543.5,1518.271240234375,1925600,1004.5,1014.0,999.0999755859375,1001.0,983.977783203125,2609600,934.0,941.7000122070312,912.4000244140625,917.5999755859375,907.1644287109375,1364400,1413.5,1415.0,1379.5,1380.0,1354.82666015625,493000,880.0,887.9000244140625,869.2000122070312,871.7000122070312,858.2159423828125,7468100,781.7000122070312,787.9000244140625,736.0,746.0999755859375,746.0999755859375,92622100,1380.0,1380.0,1365.0,1373.0,1341.3001708984375,99600,1231.5,1243.5,1163.0,1169.0,1153.6048583984375,11047800,2097.0,2107.0,2036.0,2040.0,2006.193115234375,2821000
2025-08-26,627.0,627.0,620.0,621.0,621.0,114800,912.7999877929688,914.5999755859375,886.7999877929688,888.0,877.8549194335938,2498200,1165.5,1170.0,1137.5,1142.0,1121.688720703125,1894600,3555.0,3567.5,3524.0,3526.5,3454.59912109375,505800,1630.0,1682.0,1622.0,1682.0,1664.8597412109375,468500,3890.0,3890.0,3825.0,3840.0,3778.823486328125,55200,1472.0,1508.0,1454.0,1454.0,1433.455322265625,62200,3896.0,3920.0,3828.0,3875.0,3833.20361328125,729500,2454.0,2460.5,2421.5,2433.0,2433.0,4541100,1188.0,1199.0,1178.0,1196.0,1178.1492919921875,755700,7067.0,7121.0,6988.0,7031.0,6945.1396484375,177100,1003.0,1009.0,984.0,984.0,969.916015625,195900,1431.0,1435.0,1409.0,1417.0,1395.2608642578125,157100,2708.0,2708.0,2609.0,2626.0,2592.4765625,236400,2056.0,2068.0,2006.5,2015.5,1988.10302734375,4865800,2850.0,2852.0,2769.0,2798.5,2749.20458984375,1152100,1541.5,1553.0,1505.5,1518.0,1493.18798828125,2480900,1004.5,1005.0,987.0,990.7000122070312,973.8529663085938,8717600,913.2999877929688,916.4000244140625,882.4000244140625,885.5,875.4295043945312,1299800,1380.0,1382.5,1347.5,1367.0,1342.0638427734375,753800,870.0,870.0,858.2999877929688,862.5,849.158203125,11333700,748.2999877929688,755.9000244140625,686.2999877929688,705.2000122070312,705.2000122070312,136614700,1370.0,1372.0,1357.0,1359.0,1327.6234130859375,196400,1163.5,1175.5,1089.0,1105.0,1090.44775390625,14652900,2041.0,2051.5,1999.0,2004.5,1971.2813720703125,5287500
2025-08-27,622.0,625.0,619.0,621.0,621.0,78000,883.5,901.2000122070312,882.5999755859375,899.7000122070312,889.4212646484375,2004100,1145.0,1169.5,1140.0,1168.0,1147.226318359375,2273100,3515.0,3567.5,3506.5,3565.0,3492.314208984375,462200,1684.0,1686.0,1644.0,1650.0,1633.1859130859375,312000,3820.0,3865.0,3815.0,3860.0,3798.5048828125,50200,1454.0,1464.0,1443.0,1451.0,1430.4976806640625,38500,3890.0,3918.0,3876.0,3888.0,3846.063232421875,654400,2412.0,2436.0,2406.0,2427.5,2427.5,3816300,1189.0,1196.0,1182.0,1193.0,1175.194091796875,445600,6948.0,7073.0,6942.0,7026.0,6940.20068359375,213500,984.0,997.0,979.0,996.0,981.7442626953125,128600,1428.0,1436.0,1424.0,1433.0,1411.015380859375,90600,2664.0,2664.0,2631.0,2639.0,2605.310791015625,75100,2049.0,2080.5,2032.0,2074.0,2045.807861328125,5424900,2800.0,2847.5,2799.0,2834.0,2784.0791015625,678100,1538.0,1574.5,1528.0,1568.5,1542.862548828125,2732900,978.0999755859375,990.7000122070312,974.0,990.7000122070312,973.8529663085938,3820200,882.0,912.9000244140625,881.5,908.9000244140625,898.5634155273438,1249900,1366.0,1405.0,1361.5,1399.5,1373.970947265625,693100,853.5999755859375,864.0,843.4000244140625,863.2000122070312,849.847412109375,9792800,705.2000122070312,735.2999877929688,703.5,730.0999755859375,730.0999755859375,94320700,1358.0,1372.0,1356.0,1368.0,1336.41552734375,94200,1112.0,1150.0,1105.0,1147.0,1131.8946533203125,9765500,2002.5,2053.5,2002.0,2044.5,2010.6185302734375,2147600
2025-08-28,619.0,621.0,615.0,617.0,617.0,125000,897.2000122070312,904.5,892.7999877929688,904.0999755859375,893.7709350585938,1632300,1160.5,1171.0,1147.0,1158.5,1137.895263671875,4866300,3585.0,3647.0,3571.0,3635.5,3561.376708984375,666800,1664.0,1700.0,1664.0,1694.0,1676.737548828125,225500,3850.0,3880.0,3840.0,3870.0,3808.345703125,44400,1450.0,1464.0,1437.0,1460.0,1439.37060546875,25600,3902.0,3943.0,3867.0,3936.0,3893.545654296875,662800,2475.0,2539.5,2471.5,2532.5,2532.5,8601900,1200.0,1219.0,1195.0,1219.0,1200.8060302734375,1009600,6975.0,7075.0,6966.0,7075.0,6988.6025390625,209300,996.0,1000.0,992.0,997.0,982.72998046875,85500,1420.0,1427.0,1412.0,1421.0,1399.199462890625,77800,2632.0,2663.0,2625.0,2654.0,2620.119140625,84400,2057.0,2087.5,2052.0,2086.5,2058.137939453125,3023100,2827.5,2860.0,2821.0,2850.0,2799.79736328125,487700,1557.0,1577.0,1553.0,1575.0,1549.25634765625,1888800,993.4000244140625,996.9000244140625,985.7000122070312,994.2000122070312,977.29345703125,2972200,905.0,912.0999755859375,902.5999755859375,911.0,900.6394653320312,729800,1384.5,1400.0,1382.0,1394.5,1369.0621337890625,1577900,867.2000122070312,878.4000244140625,862.5,877.5,863.9262084960938,9155000,735.4000244140625,752.0,727.9000244140625,748.9000244140625,748.9000244140625,96001900,1368.0,1379.0,1365.0,1377.0,1345.207763671875,104100,1140.5,1165.0,1134.5,1164.0,1148.6707763671875,8445300,2027.5,2055.0,2020.0,2055.0,2020.944580078125,1580700
2025-08-29,615.0,617.0,611.0,612.0,612.0,144000,897.0,897.9000244140625,881.5,886.5,876.3720092773438,2238800,1150.0,1151.5,1134.5,1138.0,1117.7598876953125,2325500,3635.5,3639.5,3565.5,3567.5,3494.76318359375,495200,1694.0,1734.0,1682.0,1700.0,1682.6763916015625,339000,3850.0,3890.0,3845.0,3875.0,3813.265869140625,47300,1460.0,1471.0,1449.0,1468.0,1447.257568359375,27200,3949.0,3982.0,3906.0,3978.0,3935.092529296875,676900,2560.0,2562.0,2508.0,2518.0,2518.0,5713500,1230.0,1230.0,1213.0,1215.0,1196.86572265625,549500,7054.0,7132.0,7025.0,7108.0,7021.19921875,131900,998.0,1000.0,991.0,992.0,977.801513671875,115900,1429.0,1429.0,1413.0,1425.0,1403.1380615234375,136700,2658.0,2683.0,2647.0,2647.0,2613.20849609375,71300,2082.5,2082.5,2051.0,2057.0,2029.0389404296875,3527100,2840.5,2849.5,2807.0,2810.0,2760.501953125,532900,1566.0,1566.5,1542.0,1556.5,1531.0587158203125,1511500,999.0,999.0,984.0,984.0,967.2669067382812,3098500,904.2000122070312,909.5,896.2999877929688,905.5999755859375,895.3008422851562,845500,1387.0,1390.0,1372.0,1387.5,1362.18994140625,452100,880.0,883.0,874.5,879.7999877929688,866.1906127929688,8290600,744.0,757.4000244140625,721.2999877929688,755.0999755859375,755.0999755859375,106599500,1380.0,1381.0,1372.0,1377.0,1345.207763671875,90900,1160.0,1181.5,1140.5,1166.0,1150.6444091796875,7303000,2034.5,2044.0,2021.0,2035.0,2001.2760009765625,1506100
2025-09-01,612.0,630.0,612.0,619.0,619.0,211600,886.2000122070312,895.4000244140625,879.5999755859375,889.5,879.3377685546875,1462200,1144.5,1155.5,1134.0,1152.5,1132.0020751953125,1488000,3553.0,3596.5,3541.5,3588.5,3515.3349609375,596000,1700.0,1728.0,1694.0,1722.0,1704.4521484375,249500,3855.0,3945.0,3855.0,3925.0,3862.469482421875,81200,1462.0,1493.0,1456.0,1493.0,1471.904296875,32100,3968.0,4097.0,3955.0,4087.0,4042.9169921875,1151200,2550.0,2572.5,2520.5,2543.0,2543.0,5391200,1224.0,1233.0,1210.0,1213.0,1194.8955078125,765100,7099.0,7219.0,7076.0,7195.0,7107.13671875,119500,992.0,1008.0,992.0,1007.0,992.5868530273438,101000,1420.0,1434.0,1402.0,1408.0,1386.39892578125,109600,2618.0,2700.0,2612.0,2700.0,2665.531982421875,114700,2060.0,2111.5,2049.0,2103.5,2074.90673828125,4422900,2820.0,2834.0,2796.5,2804.0,2754.607666015625,565300,1559.0,1587.0,1550.0,1578.5,1552.6990966796875,2061800,989.0,997.7000122070312,986.0,997.7000122070312,980.7339477539062,2776200,908.0,922.2000122070312,903.7000122070312,922.0,911.514404296875,968100,1388.0,1403.5,1377.0,1397.5,1372.0074462890625,420500,880.0,888.0,878.5,885.0,871.3101806640625,5747200,759.7999877929688,775.5,745.5,760.7000122070312,760.7000122070312,112022000,1405.0,1435.0,1405.0,1425.0,1392.0994873046875,316800,1169.5,1178.0,1145.0,1151.0,1135.8419189453125,5426800,2049.0,2074.0,2031.0,2061.5,2027.3367919921875,1555700
2025-09-02,619.0,635.0,619.0,631.0,631.0,200200,889.5,903.5999755859375,889.4000244140625,898.4000244140625,888.1361083984375,1612800,1151.0,1161.0,1148.0,1149.5,1129.055419921875,1938900,3600.0,3653.5,3600.0,3633.5,3559.41748046875,474200,1752.0,1752.0,1686.0,1704.0,1686.6356201171875,318000,3930.0,3935.0,3875.0,3880.0,3818.186279296875,59500,1494.0,1510.0,1484.0,1485.0,1464.017333984375,34600,4110.0,4127.0,4021.0,4069.0,4025.111083984375,776700,2564.0,2588.0,2556.5,2582.0,2582.0,4704100,1220.0,1242.0,1219.0,1240.0,1221.4925537109375,708800,7145.0,7243.0,7101.0,7207.0,7118.990234375,162700,1009.0,1020.0,1009.0,1011.0,996.5296020507812,145400,1413.0,1417.0,1396.0,1399.0,1377.5369873046875,107700,2707.0,2716.0,2652.0,2664.0,2629.991455078125,106800,2110.0,2153.5,2109.5,2138.5,2109.43115234375,5490100,2807.0,2843.5,2802.0,2839.0,2788.9912109375,683300,1577.0,1604.0,1577.0,1591.0,1564.9947509765625,1966000,1000.0,1015.5,999.0,1009.0,991.8417358398438,3756500,927.0,936.9000244140625,920.5,925.0,914.4802856445312,739700,1393.0,1409.0,1391.0,1402.0,1376.4254150390625,470400,889.0,909.0,888.0,901.9000244140625,887.9487915039062,10716600,770.0,780.7000122070312,764.0999755859375,770.2000122070312,770.2000122070312,92880800,1435.0,1439.0,1414.0,1420.0,1387.2149658203125,260700,1179.0,1206.0,1168.5,1186.0,1170.3809814453125,10729600,2061.5,2098.0,2061.0,2095.5,2060.7734375,1850200
2025-09-03,630.0,632.0,619.0,619.0,619.0,169500,899.9000244140625,903.5,873.7999877929688,880.2999877929688,870.2428588867188,2256600,1152.0,1156.0,1121.0,1132.0,1111.8665771484375,2134400,3634.0,3645.0,3588.5,3592.0,3518.763671875,488000,1712.0,1774.0,1712.0,1738.0,1720.2891845703125,328000,3880.0,3895.0,3780.0,3825.0,3764.0625,118800,1486.0,1520.0,1436.0,1445.0,1424.58251953125,73300,4086.0,4098.0,3962.0,3986.0,3943.00634765625,1227300,2594.0,2604.5,2563.0,2570.0,2570.0,6280800,1262.0,1268.0,1231.0,1237.0,1218.537353515625,1272400,7200.0,7223.0,7098.0,7121.0,7034.04052734375,139400,1012.0,1023.0,997.0,1001.0,986.6727294921875,347400,1411.0,1423.0,1398.0,1408.0,1386.39892578125,161600,2700.0,2716.0,2613.0,2635.0,2601.36181640625,144900,2160.0,2171.5,2062.0,2085.5,2057.151611328125,5577400,2843.5,2848.0,2793.0,2805.0,2755.590087890625,1015900,1602.0,1605.0,1550.0,1559.5,1534.0096435546875,2343300,1010.0,1018.0,1001.0,1010.5,993.3162231445312,4033800,930.0,938.9000244140625,905.7999877929688,910.7999877929688,900.4417724609375,902300,1409.0,1409.5,1366.0,1373.5,1348.4453125,558100,903.2000122070312,905.5,887.0999755859375,890.0,876.2328491210938,11158500,773.7000122070312,776.5,700.2000122070312,716.4000244140625,716.4000244140625,142470800,1417.0,1418.0,1398.0,1403.0,1370.607421875,190600,1198.0,1206.0,1147.0,1157.0,1141.762939453125,8723500,2086.0,2094.5,2045.5,2062.0,2027.8284912109375,2658100
2025-09-04,621.0,626.0,619.0,625.0,625.0,106100,880.2999877929688,888.5999755859375,877.0999755859375,877.0999755859375,867.0794067382812,1662800,1134.5,1140.0,1127.5,1137.5,1117.268798828125,1956600,3592.5,3637.0,3592.5,3612.5,3538.845703125,531800,1744.0,1772.0,1732.0,1758.0,1740.0853271484375,207000,3840.0,3865.0,3795.0,3845.0,3783.743896484375,78500,1441.0,1452.0,1423.0,1442.0,1421.6248779296875,37200,4020.0,4089.0,4012.0,4047.0,4003.348388671875,1113100,2548.5,2586.5,2537.5,2565.5,2565.5,3936900,1231.0,1241.0,1227.0,1237.0,1218.537353515625,664900,7122.0,7244.0,7121.0,7213.0,7124.9169921875,124800,1010.0,1015.0,998.0,1009.0,994.5582275390625,100100,1408.0,1437.0,1401.0,1437.0,1414.9539794921875,103700,2641.0,2682.0,2637.0,2678.0,2643.812744140625,120300,2085.5,2113.5,2073.0,2101.5,2072.93408203125,2776400,2826.0,2845.0,2810.0,2836.5,2786.53515625,644600,1565.0,1585.0,1555.5,1567.5,1541.87890625,1627300,1002.5,1019.0,998.0999755859375,1013.5,996.2651977539062,3646100,908.0,926.2000122070312,906.0,919.7000122070312,909.2405395507812,782900,1379.0,1386.0,1369.5,1374.5,1349.427001953125,388900,888.0,903.4000244140625,885.7999877929688,895.9000244140625,882.0416259765625,7308900,728.0,749.0,708.0,738.5,738.5,112682200,1398.0,1403.0,1391.0,1400.0,1367.6767578125,124400,1167.5,1185.0,1146.5,1161.0,1145.710205078125,6313200,2063.5,2073.0,2052.5,2063.0,2028.81201171875,1365100
2025-09-05,622.0,639.0,622.0,634.0,634.0,160100,876.4000244140625,878.5999755859375,870.0999755859375,875.2999877929688,865.2999877929688,1808100,1144.5,1146.0,1132.0,1141.5,1121.1976318359375,1821000,3602.5,3617.0,3586.5,3606.0,3532.478271484375,461600,1744.0,1772.0,1744.0,1768.0,1749.9833984375,141000,3830.0,3865.0,3805.0,3840.0,3778.823486328125,58100,1441.0,1485.0,1438.0,1473.0,1452.1868896484375,40300,4050.0,4059.0,3976.0,4003.0,3959.822998046875,746600,2600.0,2606.0,2576.0,2605.5,2605.5,4107500,1236.0,1244.0,1233.0,1244.0,1225.432861328125,559500,7249.0,7249.0,7166.0,7194.0,7106.1494140625,129800,1009.0,1014.0,1005.0,1008.0,993.572509765625,85400,1437.0,1441.0,1414.0,1436.0,1413.9693603515625,107100,2671.0,2705.0,2638.0,2701.0,2666.519287109375,127700,2101.0,2115.0,2082.0,2091.5,2063.070068359375,3483500,2830.0,2850.0,2823.5,2840.5,2790.464599609375,432600,1567.0,1571.5,1555.5,1563.0,1537.452392578125,1238100,1010.0,1015.5,1004.0,1011.0,993.8077392578125,2336200,919.5,924.4000244140625,914.0999755859375,921.4000244140625,910.9212036132812,631300,1374.5,1379.5,1367.0,1377.0,1351.8814697265625,421800,898.5,899.0999755859375,887.0,890.7999877929688,877.0204467773438,6194300,740.0,748.5,728.0,731.2000122070312,731.2000122070312,68703100,1400.0,1401.0,1386.0,1395.0,1362.792236328125,151400,1162.5,1180.0,1154.5,1179.5,1163.966552734375,5298500,2063.0,2075.0,2052.5,2070.5,2036.1876220703125,1248300
2025-09-08,641.0,649.0,635.0,642.0,642.0,215700,879.7999877929688,885.5,872.9000244140625,883.9000244140625,873.8017578125,1783300,1147.5,1150.5,1136.5,1145.0,1124.6353759765625,1569100,3606.0,3649.5,3582.5,3648.5,3574.11181640625,535200,1780.0,1792.0,1764.0,1790.0,1771.75927734375,145500,3850.0,3880.0,3845.0,3880.0,3818.186279296875,55500,1473.0,1486.0,1467.0,1475.0,1454.1585693359375,14100,3969.0,4041.0,3950.0,4039.0,3995.4345703125,754100,2598.0,2621.5,2563.0,2618.5,2618.5,5641300,1232.0,1251.0,1222.0,1247.0,1228.3880615234375,1247000,7209.0,7209.0,7131.0,7191.0,7103.18603515625,142600,1013.0,1019.0,1011.0,1018.0,1003.4293823242188,140000,1442.0,1444.0,1432.0,1441.0,1418.892578125,83600,2703.0,2738.0,2675.0,2717.0,2682.31494140625,122300,2100.0,2116.5,2092.0,2116.0,2087.23681640625,2905600,2845.0,2883.5,2833.0,2868.0,2817.480224609375,675500,1567.0,1574.5,1554.5,1564.5,1538.927978515625,1400700,1011.0,1018.5,1004.0,1014.0,996.7567138671875,3548800,927.0,934.2999877929688,916.0999755859375,931.4000244140625,920.8074951171875,610500,1379.5,1392.5,1370.0,1389.0,1363.6624755859375,341600,892.0999755859375,900.7999877929688,885.7999877929688,900.7999877929688,886.8657836914062,7110700,735.9000244140625,766.9000244140625,734.4000244140625,761.5,761.5,83312200,1398.0,1402.0,1394.0,1399.0,1366.6998291015625,126000,1188.0,1200.0,1165.0,1191.5,1175.80859375,6167400,2072.0,2092.0,2064.5,2086.0,2051.430908203125,1375500
2025-09-09,643.0,648.0,628.0,631.0,631.0,161300,884.0,893.5999755859375,876.5999755859375,888.2999877929688,878.1514892578125,1578300,1150.0,1153.5,1144.0,1150.5,1130.03759765625,1535600,3628.0,3639.5,3586.5,3597.0,3523.661865234375,656600,1808.0,1812.0,1700.0,1712.0,1694.5540771484375,474000,3895.0,3940.0,3885.0,3915.0,3852.628662109375,70400,1483.0,1506.0,1459.0,1470.0,1449.229248046875,27100,4048.0,4069.0,3996.0,4014.0,3970.704345703125,480600,2610.0,2611.0,2552.0,2575.0,2575.0,5429100,1240.0,1245.0,1212.0,1224.0,1205.7313232421875,754200,7239.0,7300.0,7188.0,7237.0,7148.6240234375,123200,1020.0,1061.0,1017.0,1040.0,1025.114501953125,498600,1448.0,1469.0,1428.0,1433.0,1411.015380859375,170800,2715.0,2740.0,2673.0,2682.0,2647.76171875,118300,2125.5,2129.0,2099.0,2117.5,2088.716552734375,2653300,2878.0,2887.5,2841.0,2850.0,2799.79736328125,905300,1568.0,1574.0,1559.0,1569.5,1543.84619140625,1340200,1011.5,1014.0,994.5,999.0,982.0117797851562,3803400,929.0,934.0,921.0999755859375,924.0,913.4916381835938,598200,1390.0,1396.0,1382.5,1387.5,1362.18994140625,282600,898.2000122070312,900.2000122070312,888.0,889.0,875.248291015625,7358000,767.0,769.0,741.2999877929688,754.2000122070312,754.2000122070312,96907500,1400.0,1410.0,1388.0,1392.0,1359.8614501953125,177100,1199.5,1215.0,1173.5,1185.5,1169.8875732421875,5835600,2090.0,2107.5,2078.0,2086.5,2051.922607421875,2029900
2025-09-10,632.0,633.0,625.0,628.0,628.0,71400,889.0,910.0,883.7999877929688,887.4000244140625,877.2617797851562,1879800,1151.5,1184.0,1148.5,1160.0,1139.36865234375,2206500,3597.0,3612.5,3575.5,3582.5,3509.45751953125,486600,1702.0,1714.0,1680.0,1700.0,1682.6763916015625,230500,3930.0,4000.0,3930.0,3985.0,3921.513427734375,83500,1467.0,1498.0,1467.0,1482.0,1461.0596923828125,20500,4035.0,4128.0,4033.0,4092.0,4047.863037109375,851100,2610.0,2618.0,2581.0,2615.0,2615.0,4194300,1229.0,1233.0,1220.0,1228.0,1209.671630859375,426600,7249.0,7319.0,7217.0,7319.0,7229.62255859375,83000,1038.0,1049.0,1026.0,1028.0,1013.2862548828125,197400,1437.0,1448.0,1435.0,1442.0,1419.8773193359375,76400,2694.0,2720.0,2687.0,2717.0,2682.31494140625,105400,2105.0,2318.0,2105.0,2230.0,2199.687255859375,18148900,2851.0,2898.0,2843.5,2855.5,2805.200439453125,1149400,1569.5,1623.5,1565.0,1590.0,1564.0111083984375,2962000,996.0,1003.0,990.5999755859375,992.0,975.130859375,4552400,922.0,947.2000122070312,917.0,931.5,920.9063720703125,933400,1392.0,1417.5,1384.5,1392.0,1366.6077880859375,760200,885.4000244140625,893.0,877.5,889.0,875.248291015625,9328500,755.0,768.9000244140625,747.2999877929688,750.0,750.0,78511400,1388.0,1396.0,1386.0,1395.0,1362.792236328125,98700,1185.5,1238.0,1180.5,1197.0,1181.2362060546875,10427000,2095.0,2180.0,2084.5,2111.0,2076.0166015625,3283300
2025-09-11,628.0,634.0,624.0,633.0,633.0,138900,893.5,906.5999755859375,889.7000122070312,899.9000244140625,889.6189575195312,2000800,1179.5,1187.0,1163.5,1177.0,1156.0662841796875,2548000,3599.0,3613.0,3585.5,3594.0,3520.722900390625,369400,1702.0,1712.0,1684.0,1694.0,1676.737548828125,246500,4030.0,4075.0,3990.0,4005.0,3941.19482421875,89800,1471.0,1510.0,1471.0,1501.0,1479.791259765625,28600,4106.0,4149.0,4073.0,4095.0,4050.83056640625,611700,2645.5,2668.0,2633.5,2657.5,2657.5,4562300,1241.0,1248.0,1237.0,1246.0,1227.4029541015625,561100,7418.0,7449.0,7342.0,7366.0,7276.048828125,163300,1030.0,1039.0,1015.0,1016.0,1001.4580078125,158800,1445.0,1459.0,1438.0,1450.0,1427.7545166015625,109900,2708.0,2747.0,2700.0,2731.0,2696.13623046875,109000,2330.0,2345.0,2282.5,2296.5,2265.283447265625,13869600,2880.0,2907.0,2860.5,2897.0,2845.969482421875,942700,1598.0,1612.0,1575.0,1592.5,1566.47021484375,3183000,999.9000244140625,1006.5,993.7999877929688,1001.0,983.977783203125,3036000,938.9000244140625,946.0999755859375,927.7000122070312,933.4000244140625,922.7847900390625,775700,1408.0,1414.5,1385.5,1400.0,1374.4619140625,437500,893.0,904.9000244140625,886.4000244140625,904.9000244140625,890.9024047851562,10824500,747.0,761.2999877929688,745.2000122070312,759.9000244140625,759.9000244140625,66637300,1394.0,1399.0,1386.0,1395.0,1362.792236328125,147100,1220.5,1254.5,1209.0,1230.0,1213.801513671875,10924000,2150.0,2158.5,2100.0,2116.0,2080.93359375,2417800
2025-09-12,634.0,634.0,622.0,623.0,623.0,138300,891.7000122070312,898.4000244140625,886.9000244140625,886.9000244140625,876.7675170898438,1865200,1173.5,1178.5,1160.5,1160.5,1139.8597412109375,1601500,3594.0,3611.0,3585.5,3596.0,3522.68212890625,365600,1702.0,1702.0,1654.0,1654.0,1637.1451416015625,207500,4015.0,4035.0,3970.0,3995.0,3931.354248046875,76500,1514.0,1537.0,1508.0,1537.0,1515.2825927734375,48700,4144.0,4182.0,4066.0,4080.0,4035.992431640625,905500,2667.5,2679.5,2639.0,2646.5,2646.5,4345000,1255.0,1259.0,1231.0,1234.0,1215.5821533203125,679800,7365.0,7400.0,7303.0,7366.0,7276.048828125,191100,1012.0,1021.0,1012.0,1017.0,1002.4437255859375,156400,1460.0,1465.0,1427.0,1427.0,1405.107421875,112400,2731.0,2740.0,2681.0,2681.0,2646.7744140625,122100,2288.5,2303.0,2276.5,2283.0,2251.966796875,6619800,2883.5,2905.0,2867.5,2885.0,2834.180908203125,687700,1588.0,1596.5,1572.5,1577.5,1551.7154541015625,1803400,1006.0,1006.0,992.5,1001.0,983.977783203125,4081900,928.5,935.0,925.0999755859375,925.0999755859375,914.5791015625,733600,1394.5,1400.0,1389.0,1391.0,1365.6260986328125,405300,904.7000122070312,909.4000244140625,901.5999755859375,904.0999755859375,890.1146850585938,9762100,760.0,775.5999755859375,749.0,749.5,749.5,76666100,1395.0,1398.0,1383.0,1384.0,1352.046142578125,169200,1231.0,1244.0,1204.0,1209.5,1193.571533203125,6597700,2104.5,2123.0,2100.5,2114.0,2078.966796875,1678000
2025-09-16,630.0,644.0,624.0,642.0,642.0,270400,885.4000244140625,891.5999755859375,883.2000122070312,890.0,879.83203125,1185100,1161.0,1169.0,1150.5,1150.5,1130.03759765625,1602500,3623.0,3695.0,3619.0,3692.5,3617.214599609375,673200,1652.0,1670.0,1636.0,1662.0,1645.0635986328125,200000,3985.0,4020.0,3975.0,3975.0,3911.6728515625,53700,1550.0,1570.0,1544.0,1567.0,1544.858642578125,44300,4109.0,4115.0,4061.0,4089.0,4044.895263671875,547300,2640.0,2674.5,2635.5,2654.5,2654.5,5014300,1245.0,1258.0,1238.0,1258.0,1239.223876953125,618500,7366.0,7416.0,7329.0,7407.0,7316.5478515625,108600,1017.0,1025.0,1016.0,1020.0,1005.4007568359375,102500,1430.0,1438.0,1419.0,1430.0,1408.0614013671875,84800,2678.0,2693.0,2664.0,2686.0,2651.710693359375,111800,2290.0,2335.0,2278.0,2285.5,2254.432861328125,5374900,2887.0,2908.0,2875.5,2902.5,2851.37255859375,609300,1575.0,1588.5,1565.5,1577.5,1551.7154541015625,1571200,1005.5,1027.0,1000.5,1027.0,1009.53564453125,5028300,923.2999877929688,929.4000244140625,921.0999755859375,921.7000122070312,911.2178344726562,737500,1382.0,1398.0,1382.0,1387.0,1361.698974609375,265200,903.7000122070312,929.7999877929688,901.2000122070312,929.7999877929688,915.4171752929688,11343200,751.7999877929688,770.0,739.0,739.0,739.0,82439200,1383.0,1389.0,1379.0,1386.0,1354.0,132800,1211.0,1215.0,1188.5,1194.0,1178.275634765625,4884100,2120.5,2146.5,2117.5,2128.0,2092.73486328125,1274100
2025-09-17,642.0,642.0,627.0,627.0,627.0,116500,880.0,883.4000244140625,863.5999755859375,871.0,861.0491333007812,2003600,1140.5,1144.0,1115.0,1120.0,1100.080078125,2275500,3690.0,3690.0,3641.0,3671.5,3596.642822265625,504200,1662.0,1662.0,1622.0,1624.0,1607.4508056640625,146000,3970.0,3970.0,3895.0,3925.0,3862.469482421875,69700,1568.0,1568.0,1522.0,1533.0,1511.339111328125,83100,4034.0,4057.0,3994.0,4020.0,3976.6396484375,869500,2671.5,2673.0,2640.0,2640.0,2640.0,4251300,1266.0,1271.0,1248.0,1257.0,1238.23876953125,901700,7309.0,7319.0,7166.0,7178.0,7090.3447265625,139100,1017.0,1017.0,998.0,1000.0,985.68701171875,132500,1421.0,1421.0,1390.0,1391.0,1369.65966796875,99400,2660.0,2664.0,2613.0,2626.0,2592.4765625,99500,2246.5,2249.0,2197.0,2205.0,2175.027099609375,5622000,2875.0,2879.5,2825.0,2836.0,2786.0439453125,636700,1550.0,1550.5,1514.0,1531.0,1505.9754638671875,2486300,1030.5,1033.0,1015.0,1024.5,1007.0781860351562,2936200,905.0,905.0,879.2999877929688,890.7000122070312,880.5703735351562,1057700,1370.0,1380.0,1345.5,1354.0,1329.301025390625,520300,926.5,928.7000122070312,915.2999877929688,922.9000244140625,908.6239624023438,8447100,725.0,725.0,704.5999755859375,707.0,707.0,68928200,1381.0,1382.0,1364.0,1365.0,1333.48486328125,146800,1170.5,1177.0,1131.5,1134.0,1119.0657958984375,6589800,2101.5,2110.0,2061.5,2066.0,2031.76220703125,1853200
2025-09-18,625.0,626.0,614.0,615.0,615.0,272400,874.7999877929688,874.7999877929688,854.2000122070312,866.2999877929688,856.40283203125,1520400,1127.0,1127.0,1108.5,1116.0,1096.1512451171875,1802500,3661.5,3671.0,3625.0,3645.5,3571.1728515625,516200,1622.0,1646.0,1608.0,1640.0,1623.287841796875,169500,3935.0,3935.0,3880.0,3925.0,3862.469482421875,50100,1533.0,1534.0,1513.0,1528.0,1506.4097900390625,50900,4038.0,4073.0,4003.0,4057.0,4013.240478515625,799000,2660.5,2661.5,2627.0,2630.0,2630.0,4855200,1265.0,1291.0,1259.0,1285.0,1265.8209228515625,1434200,7100.0,7199.0,7088.0,7161.0,7073.55224609375,194100,1001.0,1003.0,991.0,1001.0,986.6727294921875,171000,1400.0,1400.0,1383.0,1399.0,1377.5369873046875,94800,2626.0,2629.0,2600.0,2620.0,2586.55322265625,90300,2211.0,2214.0,2160.5,2179.5,2149.873779296875,4231900,2842.0,2845.5,2795.0,2817.0,2767.378662109375,631300,1533.5,1533.5,1498.0,1514.5,1489.7452392578125,2047200,1026.0,1027.0,1017.0,1027.0,1009.53564453125,2125300,896.0,896.0,875.2999877929688,879.2999877929688,869.2999877929688,863300,1359.0,1361.0,1335.0,1347.5,1322.9195556640625,420000,926.5,927.9000244140625,911.7999877929688,923.0,908.7223510742188,6520700,715.5,715.5,651.5,652.7000122070312,652.7000122070312,149398100,1365.0,1367.0,1355.0,1364.0,1332.5079345703125,146200,1150.0,1152.0,1100.0,1102.0,1087.4873046875,6344600,2070.0,2072.5,2030.0,2045.5,2011.6019287109375,1513500
2025-09-19,617.0,625.0,604.0,609.0,609.0,310700,859.0,869.5,851.5,854.7999877929688,845.0341796875,2663700,1110.5,1121.5,1104.0,1111.0,1091.2401123046875,2999800,3629.5,3658.0,3596.5,3600.0,3526.6005859375,810000,1650.0,1674.0,1626.0,1652.0,1635.16552734375,241500,3925.0,3970.0,3925.0,3960.0,3896.911865234375,114500,1531.0,1549.0,1518.0,1525.0,1503.4521484375,56200,4049.0,4169.0,4031.0,4154.0,4109.1943359375,1848600,2616.0,2643.0,2600.0,2613.0,2613.0,8255800,1285.0,1310.0,1267.0,1270.0,1251.0447998046875,1798200,7226.0,7250.0,7160.0,7217.0,7128.8681640625,289700,1003.0,1010.0,996.0,1005.0,990.615478515625,200400,1398.0,1420.0,1397.0,1412.0,1390.3375244140625,147200,2630.0,2672.0,2620.0,2651.0,2617.157470703125,163500,2169.5,2210.0,2167.5,2173.0,2143.462158203125,5435600,2801.5,2823.0,2781.0,2801.0,2751.660400390625,789500,1513.0,1529.0,1507.0,1511.0,1486.3023681640625,4121000,1024.5,1036.5,1018.5,1024.0,1006.586669921875,5063600,875.0,880.4000244140625,862.9000244140625,869.4000244140625,859.5126342773438,1898300,1341.5,1355.5,1335.5,1344.5,1319.9742431640625,625700,925.4000244140625,935.7000122070312,917.7999877929688,922.7999877929688,908.5254516601562,15201200,645.0,699.0,635.0,685.5999755859375,685.5999755859375,167228900,1375.0,1378.0,1356.0,1368.0,1336.41552734375,147600,1096.0,1137.0,1085.0,1131.0,1116.1053466796875,7251100,2043.5,2083.5,2035.5,2057.0,2022.911376953125,5236700
2025-09-22,612.0,618.0,609.0,612.0,612.0,134100,851.5,868.9000244140625,846.7999877929688,859.0999755859375,849.2850341796875,1428400,1111.0,1125.5,1110.0,1123.0,1103.0267333984375,1336100,3597.5,3655.5,3593.5,3630.0,3555.989013671875,623600,1670.0,1686.0,1660.0,1674.0,1656.9412841796875,161500,3965.0,4000.0,3960.0,3990.0,3926.433837890625,70100,1530.0,1569.0,1530.0,1558.0,1535.98583984375,46300,4199.0,4224.0,4108.0,4108.0,4063.6904296875,1000000,2602.5,2642.5,2592.0,2638.0,2638.0,3000400,1270.0,1322.0,1269.0,1316.0,1296.3582763671875,2072800,7187.0,7227.0,7155.0,7200.0,7112.07568359375,150600,1007.0,1018.0,1006.0,1016.0,1001.4580078125,143600,1417.0,1427.0,1407.0,1413.0,1391.3221435546875,96100,2744.0,2826.0,2705.0,2793.0,2757.3447265625,293400,2176.5,2211.0,2170.5,2206.0,2176.013427734375,3325300,2795.5,2815.0,2790.0,2790.0,2740.854248046875,457000,1515.0,1534.5,1514.5,1521.0,1496.138916015625,1151100,1020.0,1035.0,1019.5,1031.0,1013.4676513671875,2030400,866.2000122070312,871.7999877929688,860.2000122070312,862.0,852.1967163085938,898300,1348.0,1359.5,1345.5,1352.0,1327.33740234375,294300,923.0,942.7999877929688,922.7999877929688,940.2999877929688,925.7547607421875,8450700,692.4000244140625,694.4000244140625,658.0,659.9000244140625,659.9000244140625,92079400,1371.0,1376.0,1366.0,1370.0,1338.369384765625,88400,1144.5,1148.0,1114.5,1115.0,1100.3160400390625,3473800,2056.5,2076.0,2052.0,2058.0,2023.894775390625,1247700
2025-09-24,611.0,617.0,609.0,616.0,616.0,160400,865.0,869.2000122070312,856.7000122070312,859.7999877929688,849.97705078125,1414000,1129.5,1132.5,1112.5,1116.0,1096.1512451171875,1403400,3664.0,3675.0,3632.5,3641.5,3567.25439453125,654200,1688.0,1712.0,1662.0,1694.0,1676.737548828125,219000,3975.0,3990.0,3950.0,3970.0,3906.75244140625,71800,1555.0,1555.0,1540.0,1545.0,1523.1695556640625,31700,4082.0,4108.0,4033.0,4060.0,4016.2080078125,721800,2663.0,2714.5,2644.5,2714.5,2714.5,5404300,1328.0,1333.0,1311.0,1323.0,1303.2537841796875,988400,7200.0,7227.0,7144.0,7207.0,7118.990234375,146700,1021.0,1027.0,1015.0,1022.0,1007.3721313476562,170100,1407.0,1419.0,1399.0,1419.0,1397.2301025390625,109300,2798.0,2799.0,2740.0,2756.0,2720.817138671875,205600,2207.0,2223.5,2193.0,2202.5,2172.56103515625,3178700,2786.0,2798.5,2771.0,2795.5,2746.25732421875,443400,1530.0,1530.0,1510.0,1515.0,1490.237060546875,1193700,1043.0,1047.5,1034.0,1044.0,1026.24658203125,3683900,867.0,871.5999755859375,860.0999755859375,866.4000244140625,856.5467529296875,625700,1364.0,1370.0,1350.5,1352.0,1327.33740234375,320300,950.0,952.9000244140625,940.4000244140625,951.4000244140625,936.68310546875,9223900,655.0,658.7000122070312,624.9000244140625,627.7999877929688,627.7999877929688,79136800,1372.0,1373.0,1363.0,1371.0,1339.3463134765625,123400,1112.5,1119.0,1090.5,1093.0,1078.605712890625,3832300,2084.0,2092.5,2062.5,2086.0,2051.430908203125,1446000
2025-09-25,610.0,618.0,610.0,616.0,616.0,83900,864.0,871.4000244140625,860.0,871.0,861.0491333007812,1513200,1118.0,1124.5,1110.0,1124.0,1104.0089111328125,1787500,3698.0,3707.5,3665.5,3684.5,3609.377685546875,636800,1736.0,1788.0,1732.0,1780.0,1761.8612060546875,486500,3990.0,3995.0,3955.0,3975.0,3911.6728515625,64700,1541.0,1550.0,1538.0,1547.0,1525.1412353515625,31100,4050.0,4070.0,4025.0,4057.0,4013.240478515625,559700,2754.0,2769.0,2725.5,2740.0,2740.0,5325400,1340.0,1341.0,1326.0,1336.0,1316.0596923828125,912700,7207.0,7211.0,7144.0,7175.0,7087.38134765625,154800,1029.0,1044.0,1024.0,1044.0,1029.0572509765625,193800,1419.0,1428.0,1416.0,1417.0,1395.2608642578125,93000,2750.0,2783.0,2736.0,2779.0,2743.5234375,113300,2219.5,2238.5,2195.0,2217.0,2186.864013671875,4203900,2796.5,2830.5,2792.0,2826.5,2776.71142578125,601900,1521.0,1528.5,1511.0,1520.0,1495.1552734375,1354800,1054.0,1059.0,1048.0,1056.5,1038.5340576171875,3893700,866.4000244140625,876.5,860.4000244140625,875.0999755859375,865.1477661132812,713500,1350.5,1358.5,1343.0,1357.5,1332.7371826171875,402800,964.0,975.5,958.7000122070312,972.2000122070312,957.1613159179688,10583200,633.2999877929688,663.7000122070312,619.0999755859375,660.7000122070312,660.7000122070312,111458700,1371.0,1375.0,1369.0,1372.0,1340.3232421875,113600,1111.0,1149.0,1102.0,1142.0,1126.96044921875,6433800,2105.0,2120.0,2086.5,2095.0,2060.28173828125,2313800
2025-09-26,611.0,614.0,606.0,612.0,612.0,142500,868.0,877.2000122070312,864.5,875.2999877929688,865.2999877929688,1637100,1122.0,1134.0,1116.5,1124.5,1104.5,2495900,3684.5,3725.0,3657.0,3678.5,3603.5,936400,1800.0,1802.0,1752.0,1786.0,1767.800048828125,341000,3995.0,4080.0,3995.0,4080.0,4015.0,82700,1547.0,1561.0,1541.0,1557.0,1535.0,42800,4112.0,4189.0,4094.0,4172.0,4127.0,954300,2775.0,2805.0,2756.0,2775.0,2775.0,6067500,1340.0,1352.0,1333.0,1340.0,1320.0,1072800,7202.0,7412.0,7202.0,7370.0,7280.0,245700,1041.0,1049.0,1037.0,1048.0,1033.0,207600,1416.0,1437.0,1416.0,1434.0,1412.0,111600,2774.0,2835.0,2768.0,2820.0,2784.0,159200,2210.0,2233.0,2195.0,2207.0,2177.0,4302200,2829.0,2845.0,2820.0,2838.5,2788.5,620400,1520.0,1539.5,1515.5,1529.5,1504.5,1756500,1056.5,1067.5,1042.0,1058.5,1040.5,3810800,875.0999755859375,884.7000122070312,870.9000244140625,879.2999877929688,869.2999877929688,1217800,1356.5,1373.5,1354.0,1370.5,1345.5,524500,974.5,981.0,966.0,969.7000122070312,954.7000122070312,12654500,660.7000122070312,690.9000244140625,653.0,679.5999755859375,679.5999755859375,110126000,1369.0,1386.0,1368.0,1386.0,1354.0,160800,1144.0,1163.5,1132.0,1139.0,1124.0,4918800,2093.5,2122.0,2083.0,2112.0,2077.0,2116100
2025-09-29,614.0,617.0,603.0,604.0,604.0,206600,864.0999755859375,869.4000244140625,856.2000122070312,858.7000122070312,858.7000122070312,1568800,1106.5,1111.0,1092.5,1098.0,1098.0,1928100,3608.0,3633.0,3550.0,3555.0,3555.0,1749100,1792.0,1824.0,1750.0,1820.0,1820.0,264200,3980.0,4000.0,3935.0,3945.0,3945.0,69700,1546.0,1546.0,1487.0,1494.0,1494.0,49500,4147.0,4152.0,4076.0,4113.0,4113.0,608800,2774.0,2779.0,2738.0,2738.0,2738.0,4062700,1305.0,1318.0,1296.0,1310.0,1310.0,1050900,7270.0,7292.0,7153.0,7207.0,7207.0,135500,1035.0,1037.0,1021.0,1033.0,1033.0,161400,1413.0,1414.0,1387.0,1402.0,1402.0,95900,2799.0,2799.0,2714.0,2719.0,2719.0,136600,2175.0,2188.0,2150.5,2177.0,2177.0,2909000,2796.0,2802.5,2771.0,2794.5,2794.5,484400,1502.0,1508.0,1484.0,1503.5,1503.5,1174600,1040.5,1045.5,1029.5,1039.5,1039.5,4330400,878.7999877929688,879.0,863.4000244140625,869.7999877929688,869.7999877929688,662800,1341.0,1352.5,1330.5,1344.0,1344.0,411500,953.0,953.0,940.0999755859375,947.0999755859375,947.0999755859375,8488400,674.4000244140625,692.0,664.5999755859375,682.2000122070312,682.2000122070312,80040500,1368.0,1371.0,1351.0,1357.0,1357.0,131700,1120.0,1143.0,1106.0,1128.0,1128.0,2853000,2062.0,2081.5,2057.5,2068.0,2068.0,1652100
2025-09-30,604.0,609.0,599.0,603.0,603.0,130800,852.5999755859375,852.7000122070312,838.2999877929688,843.2999877929688,843.2999877929688,2299800,1089.0,1091.0,1074.0,1076.0,1076.0,2011700,3585.0,3601.0,3500.0,3581.0,3581.0,968500,1800.0,1996.0,1796.0,1996.0,1996.0,633600,3940.0,3955.0,3925.0,3940.0,3940.0,71900,1500.0,1512.0,1463.0,1476.0,1476.0,38800,4092.0,4098.0,4055.0,4056.0,4056.0,627600,2664.5,2695.5,2618.5,2673.0,2673.0,8239800,1295.0,1305.0,1276.0,1295.0,1295.0,1648300,7238.0,7238.0,7140.0,7154.0,7154.0,110200,1030.0,1030.0,1009.0,1013.0,1013.0,144800,1402.0,1402.0,1383.0,1398.0,1398.0,142600,2719.0,2725.0,2663.0,2697.0,2697.0,112100,2168.0,2172.5,2106.0,2118.5,2118.5,4930400,2787.5,2794.5,2743.5,2774.5,2774.5,622400,1503.0,1503.0,1468.0,1479.5,1479.5,1848600,1022.0,1030.5,1003.0,1016.0,1016.0,3976200,864.0,865.0,843.2000122070312,845.4000244140625,845.4000244140625,1098800,1335.0,1340.0,1314.0,1315.0,1315.0,370100,939.2000122070312,944.0,923.9000244140625,939.9000244140625,939.9000244140625,8805500,681.5999755859375,704.5,655.0,694.2000122070312,694.2000122070312,99593300,1354.0,1356.0,1335.0,1342.0,1342.0,128700,1115.5,1117.5,1078.5,1084.0,1084.0,5275700,2070.0,2072.0,2036.0,2058.5,2058.5,1970500
2025-10-01,598.0,598.0,583.0,584.0,584.0,294400,918.2999877929688,929.9000244140625,894.0999755859375,915.0,915.0,9085800,1077.0,1094.5,1077.0,1090.0,1090.0,2499200,3511.0,3538.0,3466.0,3486.0,3486.0,722500,1938.0,1940.0,1782.0,1811.0,1811.0,540100,3905.0,3910.0,3825.0,3840.0,3840.0,80000,1461.0,1467.0,1413.0,1425.0,1425.0,76800,4051.0,4056.0,3953.0,4001.0,4001.0,595900,2653.0,2663.5,2626.0,2641.0,2641.0,5496600,1285.0,1292.0,1270.0,1275.0,1275.0,1064800,7148.0,7193.0,6990.0,7072.0,7072.0,141900,1010.0,1020.0,1007.0,1017.0,1017.0,154700,1390.0,1390.0,1358.0,1359.0,1359.0,138000,2679.0,2680.0,2619.0,2654.0,2654.0,131300,2111.0,2145.5,2111.0,2136.5,2136.5,3947000,2763.0,2786.5,2750.5,2766.0,2766.0,676000,1485.0,1497.0,1470.5,1497.0,1497.0,1901100,1001.0,1015.0,998.5,1013.0,1013.0,4315100,841.2999877929688,860.4000244140625,841.2999877929688,858.9000244140625,858.9000244140625,1451900,1340.0,1400.5,1340.0,1393.0,1393.0,1324500,926.2000122070312,933.9000244140625,913.0999755859375,923.0999755859375,923.0999755859375,8995900,693.5,713.0999755859375,678.7999877929688,698.0,698.0,93242500,1336.0,1338.0,1314.0,1322.0,1322.0,135100,1081.5,1105.0,1081.0,1093.0,1093.0,4182200,2068.5,2075.0,2029.5,2047.0,2047.0,1838900
2025-10-02,585.0,593.0,585.0,590.0,590.0,103200,912.0,917.2000122070312,860.4000244140625,876.5,876.5,4328100,1078.5,1085.0,1042.5,1056.0,1056.0,2804700,3468.0,3513.0,3465.0,3498.0,3498.0,527300,1818.0,1864.0,1736.0,1755.0,1755.0,362800,3845.0,3865.0,3780.0,3805.0,3805.0,51300,1425.0,1435.0,1409.0,1409.0,1409.0,29000,4010.0,4028.0,3883.0,3891.0,3891.0,875400,2660.0,2683.0,2633.5,2665.5,2665.5,4178300,1276.0,1284.0,1264.0,1274.0,1274.0,875800,7044.0,7056.0,6867.0,6905.0,6905.0,162800,1019.0,1022.0,997.0,1012.0,1012.0,132300,1358.0,1364.0,1332.0,1357.0,1357.0,118100,2650.0,2650.0,2576.0,2592.0,2592.0,111100,2130.5,2133.0,2048.0,2061.0,2061.0,5124100,2755.0,2772.0,2706.5,2729.5,2729.5,698300,1495.0,1499.5,1444.5,1459.5,1459.5,1950000,1007.5,1018.5,1000.5,1012.0,1012.0,2697400,857.5,861.0,823.0999755859375,840.9000244140625,840.9000244140625,1237800,1401.5,1408.5,1341.5,1362.5,1362.5,860700,921.0,926.5999755859375,911.0999755859375,924.5,924.5,8364000,690.0,692.5,632.0999755859375,643.0999755859375,643.0999755859375,114244600,1324.0,1330.0,1312.0,1315.0,1315.0,76200,1099.0,1100.0,1033.0,1056.0,1056.0,5002100,2041.5,2041.5,1977.5,2003.0,2003.0,2121300
2025-10-03,585.0,597.0,585.0,589.0,589.0,150100,878.5,890.0999755859375,877.0999755859375,882.5999755859375,882.5999755859375,1896100,1056.0,1076.0,1056.0,1074.5,1074.5,1777200,3451.0,3498.0,3439.0,3452.0,3452.0,556200,1730.0,1762.0,1710.0,1758.0,1758.0,296000,3795.0,3825.0,3780.0,3820.0,3820.0,40400,1409.0,1428.0,1405.0,1417.0,1417.0,30200,3904.0,3997.0,3904.0,3997.0,3997.0,612900,2615.5,2642.0,2585.0,2598.0,2598.0,6586200,1250.0,1266.0,1241.0,1254.0,1254.0,945800,6909.0,7065.0,6898.0,7005.0,7005.0,343500,1012.0,1034.0,1012.0,1032.0,1032.0,162900,1350.0,1366.0,1348.0,1353.0,1353.0,129800,2587.0,2623.0,2570.0,2616.0,2616.0,91800,2087.0,2121.0,2072.0,2104.5,2104.5,3008000,2729.5,2761.5,2723.5,2753.5,2753.5,778600,1473.0,1494.0,1467.0,1480.5,1480.5,1729800,998.0,1017.0,996.0,1008.0,1008.0,3093600,841.2000122070312,865.0,840.9000244140625,862.9000244140625,862.9000244140625,732600,1362.5,1380.5,1357.0,1374.5,1374.5,459400,915.2999877929688,926.4000244140625,914.5,915.7000122070312,915.7000122070312,5562600,639.7999877929688,707.5999755859375,636.0,697.5,697.5,130111600,1315.0,1327.0,1315.0,1321.0,1321.0,63800,1062.0,1102.5,1055.5,1093.0,1093.0,4043800,2013.0,2046.5,2007.5,2043.5,2043.5,1600900
2025-10-06,634.0,634.0,612.0,616.0,616.0,595300,909.5,909.5,888.4000244140625,895.2000122070312,895.2000122070312,2282000,1104.5,1113.5,1096.0,1098.0,1098.0,2314300,3567.0,3567.0,3503.0,3536.0,3536.0,483800,1878.0,1888.0,1811.0,1834.0,1834.0,403700,3890.0,3930.0,3855.0,3905.0,3905.0,70500,1450.0,1474.0,1440.0,1463.0,1463.0,45700,4083.0,4175.0,4063.0,4158.0,4158.0,1012100,2670.0,2693.5,2644.0,2677.5,2677.5,5526500,1289.0,1316.0,1283.0,1307.0,1307.0,1917500,7155.0,7196.0,7054.0,7177.0,7177.0,140200,1050.0,1055.0,1039.0,1039.0,1039.0,277300,1383.0,1410.0,1375.0,1408.0,1408.0,181700,2666.0,2709.0,2643.0,2699.0,2699.0,196200,2218.0,2226.0,2178.0,2178.0,2178.0,6717400,2880.0,2885.0,2806.5,2828.0,2828.0,1155200,1550.5,1551.0,1498.5,1499.5,1499.5,2423200,1031.0,1035.5,1019.5,1020.5,1020.5,3026300,892.9000244140625,897.9000244140625,883.0,890.0,890.0,1388500,1429.5,1431.5,1392.5,1396.0,1396.0,589800,943.0,943.9000244140625,925.0999755859375,930.7999877929688,930.7999877929688,9429300,737.5,742.5999755859375,718.0999755859375,723.5999755859375,723.5999755859375,95737200,1347.0,1357.0,1340.0,1355.0,1355.0,128300,1132.5,1156.5,1118.0,1127.0,1127.0,5876400,2093.5,2105.0,2075.5,2075.5,2075.5,3111200
2025-10-07,623.0,625.0,601.0,601.0,601.0,368200,899.7000122070312,909.5,889.5999755859375,890.2999877929688,890.2999877929688,2089500,1111.5,1123.5,1108.0,1116.5,1116.5,1856900,3552.0,3587.0,3530.0,3533.0,3533.0,373500,1860.0,1890.0,1811.0,1816.0,1816.0,257900,3870.0,3920.0,3860.0,3895.0,3895.0,45000,1463.0,1483.0,1457.0,1465.0,1465.0,28300,4170.0,4170.0,4055.0,4082.0,4082.0,750200,2714.0,2764.5,2704.0,2707.0,2707.0,5550800,1316.0,1338.0,1307.0,1314.0,1314.0,828700,7177.0,7218.0,7120.0,7168.0,7168.0,125000,1043.0,1054.0,1040.0,1051.0,1051.0,263500,1412.0,1422.0,1392.0,1407.0,1407.0,134400,2720.0,2727.0,2663.0,2708.0,2708.0,120400,2200.0,2240.5,2196.0,2226.5,2226.5,5925300,2837.0,2875.0,2837.0,2847.0,2847.0,878500,1511.0,1532.0,1504.0,1518.5,1518.5,1606700,1023.0,1034.5,1018.0,1027.0,1027.0,3229700,893.2999877929688,919.5,890.0,906.2999877929688,906.2999877929688,1189300,1400.0,1426.0,1393.0,1407.0,1407.0,563900,935.5,942.0999755859375,930.2999877929688,932.7000122070312,932.7000122070312,6891400,734.5999755859375,767.7000122070312,722.5999755859375,743.7000122070312,743.7000122070312,133583800,1355.0,1358.0,1345.0,1352.0,1352.0,71800,1139.0,1199.5,1133.0,1164.0,1164.0,7867000,2080.0,2102.5,2076.0,2098.0,2098.0,2041800
2025-10-08,602.0,604.0,580.0,581.0,581.0,477000,892.2000122070312,900.0,876.0999755859375,879.5,879.5,2410800,1118.5,1128.5,1110.5,1117.0,1117.0,1658300,3558.0,3598.0,3556.0,3580.0,3580.0,440600,1789.0,1790.0,1742.0,1777.0,1777.0,410800,3935.0,3980.0,3910.0,3915.0,3915.0,55500,1465.0,1478.0,1460.0,1460.0,1460.0,34500,4115.0,4290.0,4115.0,4189.0,4189.0,1098700,2750.0,2757.5,2730.5,2743.0,2743.0,3798700,1330.0,1337.0,1319.0,1322.0,1322.0,987800,7168.0,7370.0,7156.0,7183.0,7183.0,160600,1052.0,1055.0,1034.0,1038.0,1038.0,127300,1408.0,1436.0,1395.0,1396.0,1396.0,124800,2693.0,2785.0,2680.0,2680.0,2680.0,112400,2226.0,2239.0,2193.5,2204.5,2204.5,4211900,2827.0,2854.5,2809.5,2809.5,2809.5,895000,1525.0,1533.5,1512.0,1517.0,1517.0,1411700,1029.5,1038.0,1021.0,1024.0,1024.0,3962800,905.7999877929688,911.0999755859375,891.5999755859375,894.5,894.5,761400,1422.0,1433.0,1407.0,1412.0,1412.0,609800,944.0,955.5,941.4000244140625,952.7000122070312,952.7000122070312,10553800,750.0,771.0,746.4000244140625,759.0,759.0,106376200,1355.0,1362.0,1332.0,1333.0,1333.0,75600,1169.0,1178.0,1137.5,1142.0,1142.0,4091700,2105.0,2123.0,2085.0,2093.0,2093.0,2139800
2025-10-09,583.0,587.0,575.0,582.0,582.0,274900,880.0,892.2000122070312,877.7999877929688,892.2000122070312,892.2000122070312,2323300,1124.5,1132.5,1118.0,1132.5,1132.5,1708200,3550.0,3671.0,3545.0,3666.0,3666.0,624700,1794.0,1815.0,1755.0,1815.0,1815.0,333100,3890.0,3930.0,3860.0,3885.0,3885.0,61400,1460.0,1466.0,1438.0,1445.0,1445.0,20400,4202.0,4261.0,4201.0,4239.0,4239.0,828400,2734.0,2787.0,2721.0,2786.0,2786.0,4255300,1320.0,1346.0,1315.0,1338.0,1338.0,874400,7164.0,7255.0,7147.0,7253.0,7253.0,137000,1039.0,1046.0,1034.0,1046.0,1046.0,146300,1400.0,1412.0,1396.0,1407.0,1407.0,104300,2685.0,2707.0,2654.0,2680.0,2680.0,135200,2228.0,2257.5,2220.0,2257.0,2257.0,4613800,2809.5,2843.0,2809.5,2830.0,2830.0,592300,1516.0,1532.0,1510.5,1531.0,1531.0,1137900,1027.0,1043.0,1017.5,1039.5,1039.5,3467200,895.2000122070312,908.0,890.2999877929688,905.7999877929688,905.7999877929688,659700,1413.5,1427.5,1404.0,1421.5,1421.5,478400,951.0,968.7999877929688,948.0,967.7999877929688,967.7999877929688,8014900,780.0,810.7999877929688,770.2000122070312,796.5,796.5,134785600,1337.0,1339.0,1332.0,1335.0,1335.0,64300,1158.0,1184.0,1141.0,1170.5,1170.5,5003700,2099.0,2112.5,2085.0,2100.0,2100.0,1469700
2025-10-10,575.0,576.0,563.0,566.0,566.0,312500,884.0,885.5,859.7999877929688,862.0,862.0,2330300,1125.0,1127.0,1100.5,1106.0,1106.0,1440700,3630.0,3630.0,3486.0,3486.0,3486.0,615500,1775.0,1787.0,1695.0,1699.0,1699.0,302800,3815.0,3830.0,3780.0,3810.0,3810.0,74400,1425.0,1430.0,1408.0,1413.0,1413.0,40800,4269.0,4341.0,4189.0,4198.0,4198.0,1707100,2746.0,2752.0,2675.0,2675.0,2675.0,5144000,1325.0,1325.0,1254.0,1262.0,1262.0,3122300,7151.0,7180.0,7028.0,7105.0,7105.0,195600,1036.0,1036.0,1006.0,1007.0,1007.0,164100,1392.0,1398.0,1372.0,1374.0,1374.0,161800,2650.0,2674.0,2602.0,2605.0,2605.0,110300,2255.0,2262.0,2177.5,2197.0,2197.0,5553800,2802.0,2822.0,2776.5,2785.0,2785.0,693300,1515.0,1516.0,1479.0,1484.5,1484.5,1353200,1034.0,1037.5,1004.5,1008.5,1008.5,4957900,895.7000122070312,897.0,868.7000122070312,870.2999877929688,870.2999877929688,847600,1408.0,1418.5,1380.5,1385.5,1385.5,547900,958.2000122070312,960.9000244140625,927.9000244140625,927.9000244140625,927.9000244140625,9668800,785.0,797.0,761.0999755859375,763.5,763.5,90333900,1328.0,1329.0,1313.0,1316.0,1316.0,93600,1153.5,1154.0,1112.0,1116.5,1116.5,4193800,2086.0,2091.5,2047.5,2058.5,2058.5,1593400
2025-10-14,555.0,563.0,552.0,558.0,558.0,300900,850.2000122070312,874.5,850.0999755859375,856.5,856.5,1998800,1086.0,1113.0,1084.0,1086.5,1086.5,2184900,3462.0,3520.0,3410.0,3433.0,3433.0,610400,1698.0,1820.0,1696.0,1720.0,1720.0,399100,3745.0,3845.0,3730.0,3800.0,3800.0,61300,1383.0,1405.0,1380.0,1385.0,1385.0,49900,4198.0,4330.0,4191.0,4209.0,4209.0,1832200,2635.0,2689.0,2607.0,2630.0,2630.0,5694800,1258.0,1272.0,1195.0,1206.0,1206.0,4646300,6968.0,7141.0,6954.0,6997.0,6997.0,194400,999.0,1028.0,998.0,1024.0,1024.0,187400,1351.0,1387.0,1351.0,1368.0,1368.0,161400,2560.0,2638.0,2556.0,2611.0,2611.0,102700,2161.0,2215.5,2155.0,2181.5,2181.5,4372600,2755.0,2831.5,2752.5,2827.5,2827.5,1105400,1462.0,1495.0,1458.0,1470.0,1470.0,1640000,989.5999755859375,1020.5,987.5,1001.0,1001.0,4269800,860.2999877929688,880.9000244140625,859.0,866.5999755859375,866.5999755859375,703400,1365.0,1389.5,1357.5,1360.5,1360.5,493100,914.4000244140625,928.5,906.2000122070312,915.5999755859375,915.5999755859375,10671400,748.5,776.0999755859375,744.2000122070312,749.4000244140625,749.4000244140625,77522900,1303.0,1324.0,1303.0,1310.0,1310.0,99700,1099.0,1137.5,1095.0,1108.0,1108.0,3853300,2027.0,2074.0,2021.5,2053.5,2053.5,1953300
2025-10-15,563.0,575.0,561.0,573.0,573.0,183900,868.7999877929688,878.2999877929688,863.2000122070312,878.2999877929688,878.2999877929688,1312600,1099.5,1124.0,1096.0,1124.0,1124.0,1370200,3454.0,3507.0,3440.0,3507.0,3507.0,379900,1732.0,1773.0,1724.0,1756.0,1756.0,169200,3830.0,3885.0,3825.0,3865.0,3865.0,47800,1387.0,1423.0,1387.0,1417.0,1417.0,33400,4239.0,4418.0,4226.0,4418.0,4418.0,1883500,2638.0,2669.5,2636.5,2661.5,2661.5,3528400,1219.0,1233.0,1210.0,1230.0,1230.0,879900,7097.0,7236.0,7072.0,7230.0,7230.0,187700,1028.0,1033.0,1024.0,1032.0,1032.0,81600,1393.0,1412.0,1393.0,1412.0,1412.0,165800,2630.0,2669.0,2630.0,2654.0,2654.0,53400,2182.0,2226.5,2177.5,2226.5,2226.5,2968900,2828.0,2865.0,2828.0,2865.0,2865.0,790500,1480.0,1499.5,1474.0,1499.5,1499.5,956500,998.7999877929688,1013.0,996.2999877929688,1009.0,1009.0,2598200,877.2000122070312,898.5,871.7000122070312,898.5,898.5,680900,1368.5,1402.0,1358.5,1402.0,1402.0,376600,915.5999755859375,927.0,911.7000122070312,927.0,927.0,7654400,757.7000122070312,782.5,748.5,782.5,782.5,74304100,1318.0,1338.0,1318.0,1338.0,1338.0,63200,1110.0,1136.0,1105.5,1136.0,1136.0,2462300,2053.5,2097.5,2048.0,2097.5,2097.5,1534000
2025-10-16,574.0,577.0,570.0,574.0,574.0,109100,883.2000122070312,891.0,876.0,877.0,877.0,1353800,1126.5,1137.5,1122.0,1132.0,1132.0,1317200,3507.0,3529.0,3468.0,3483.0,3483.0,426100,1754.0,1773.0,1718.0,1719.0,1719.0,171300,3900.0,3905.0,3845.0,3875.0,3875.0,45000,1424.0,1436.0,1413.0,1421.0,1421.0,22300,4440.0,4515.0,4364.0,4420.0,4420.0,1504000,2690.0,2692.0,2666.5,2688.5,2688.5,2901000,1241.0,1249.0,1230.0,1240.0,1240.0,560400,7277.0,7319.0,7210.0,7230.0,7230.0,129500,1039.0,1047.0,1038.0,1040.0,1040.0,147800,1407.0,1428.0,1407.0,1413.0,1413.0,84800,2647.0,2670.0,2598.0,2623.0,2623.0,111500,2250.0,2293.0,2246.0,2272.0,2272.0,3602400,2872.5,2937.0,2870.0,2926.0,2926.0,1013800,1512.5,1525.5,1508.0,1517.5,1517.5,959200,1009.0,1018.5,1000.5,1004.0,1004.0,2608200,903.9000244140625,917.2000122070312,900.2000122070312,906.4000244140625,906.4000244140625,696100,1400.0,1413.5,1397.0,1408.0,1408.0,572500,934.7000122070312,935.9000244140625,927.0999755859375,931.7000122070312,931.7000122070312,6189800,798.0999755859375,831.0,793.0999755859375,822.2999877929688,822.2999877929688,88811500,1341.0,1354.0,1341.0,1352.0,1352.0,67400,1130.0,1176.0,1128.0,1160.5,1160.5,3211600,2100.0,2167.0,2098.0,2167.0,2167.0,2898100
2025-10-17,566.0,568.0,558.0,560.0,560.0,123700,865.0999755859375,880.4000244140625,863.9000244140625,868.0,868.0,1280300,1127.5,1143.0,1037.0,1052.5,1052.5,8891000,3473.0,3501.0,3444.0,3444.0,3444.0,490900,1698.0,1744.0,1697.0,1740.0,1740.0,163400,3845.0,3855.0,3820.0,3845.0,3845.0,44000,1423.0,1423.0,1403.0,1407.0,1407.0,22100,4382.0,4423.0,4292.0,4292.0,4292.0,841000,2653.5,2681.0,2650.0,2653.5,2653.5,3595100,1230.0,1240.0,1224.0,1226.0,1226.0,699600,7222.0,7262.0,7173.0,7223.0,7223.0,146500,1036.0,1043.0,1031.0,1035.0,1035.0,69200,1411.0,1419.0,1408.0,1418.0,1418.0,102800,2644.0,2648.0,2607.0,2615.0,2615.0,101200,2242.0,2283.5,2238.0,2261.5,2261.5,3465300,2912.5,2980.5,2885.5,2902.0,2902.0,1154200,1501.0,1519.5,1495.0,1497.5,1497.5,1603500,987.5999755859375,1009.5,987.5,1001.5,1001.5,2495800,896.7999877929688,910.7000122070312,894.5,897.7999877929688,897.7999877929688,757800,1392.0,1410.0,1384.0,1394.5,1394.5,403800,921.7999877929688,926.2999877929688,912.0999755859375,912.0999755859375,912.0999755859375,7020700,812.0,818.0999755859375,784.2000122070312,790.0,790.0,89512300,1350.0,1353.0,1344.0,1348.0,1348.0,53000,1135.0,1155.0,1127.5,1133.5,1133.5,3372800,2141.0,2162.0,2115.0,2120.5,2120.5,3539000
2025-10-20,565.0,572.0,563.0,572.0,572.0,153500,876.0999755859375,879.9000244140625,863.7999877929688,872.7999877929688,872.7999877929688,1076800,1061.0,1076.0,1049.0,1074.5,1074.5,4241700,3484.0,3508.0,3457.0,3501.0,3501.0,433900,1744.0,1764.0,1728.0,1750.0,1750.0,129900,3895.0,3895.0,3840.0,3845.0,3845.0,40300,1411.0,1462.0,1406.0,1448.0,1448.0,53400,4350.0,4372.0,4305.0,4349.0,4349.0,746100,2689.5,2706.0,2666.5,2706.0,2706.0,3384300,1249.0,1258.0,1238.0,1258.0,1258.0,661700,7303.0,7303.0,7219.0,7249.0,7249.0,114000,1047.0,1050.0,1041.0,1047.0,1047.0,118100,1440.0,1440.0,1417.0,1427.0,1427.0,95100,2643.0,2652.0,2609.0,2625.0,2625.0,113500,2285.0,2292.5,2250.5,2267.0,2267.0,2814400,2947.5,2954.5,2910.5,2930.5,2930.5,590300,1518.0,1518.0,1496.5,1506.0,1506.0,839400,1010.0,1018.5,1007.0,1017.0,1017.0,2353700,910.7999877929688,912.7999877929688,889.7000122070312,895.0,895.0,620900,1400.0,1403.0,1388.0,1395.0,1395.0,388400,923.5,933.5,921.4000244140625,933.5,933.5,5299200,808.7000122070312,811.4000244140625,791.2999877929688,811.4000244140625,811.4000244140625,72242400,1355.0,1363.0,1349.0,1352.0,1352.0,73200,1149.0,1153.0,1129.5,1147.5,1147.5,3224200,2150.0,2154.0,2115.0,2143.0,2143.0,1723700
2025-10-21,572.0,588.0,571.0,584.0,584.0,293500,875.0,878.9000244140625,862.4000244140625,865.7999877929688,865.7999877929688,2268700,1077.0,1109.0,1077.0,1097.0,1097.0,3256900,3520.0,3536.0,3489.0,3489.0,3489.0,570100,1740.0,1758.0,1707.0,1713.0,1713.0,235000,3850.0,3865.0,3815.0,3830.0,3830.0,76300,1456.0,1460.0,1418.0,1427.0,1427.0,55800,4390.0,4428.0,4313.0,4337.0,4337.0,886000,2731.0,2742.0,2687.5,2694.5,2694.5,3269000,1280.0,1287.0,1256.0,1261.0,1261.0,971200,7262.0,7295.0,7199.0,7210.0,7210.0,103800,1047.0,1049.0,1038.0,1045.0,1045.0,96200,1441.0,1442.0,1416.0,1417.0,1417.0,102000,2640.0,2655.0,2604.0,2617.0,2617.0,87800,2268.0,2281.0,2251.5,2270.5,2270.5,3147100,2930.0,2963.5,2924.0,2937.5,2937.5,903400,1503.5,1509.5,1484.0,1496.5,1496.5,1669000,1022.0,1025.0,1014.0,1017.5,1017.5,2178600,894.0,899.0,879.5,883.2999877929688,883.2999877929688,738500,1384.5,1396.0,1376.5,1380.5,1380.5,399900,938.4000244140625,943.7000122070312,930.2000122070312,932.5,932.5,5160300,814.2999877929688,823.7999877929688,782.5,790.5999755859375,790.5999755859375,81726700,1362.0,1362.0,1344.0,1344.0,1344.0,61200,1141.0,1152.0,1112.0,1123.0,1123.0,2921600,2135.0,2141.5,2100.0,2112.0,2112.0,1988900
2025-10-22,582.0,606.0,579.0,602.0,602.0,461900,860.4000244140625,872.5999755859375,858.5,870.2999877929688,870.2999877929688,1706000,1089.0,1106.0,1088.0,1100.5,1100.5,1710600,3480.0,3588.0,3478.0,3581.0,3581.0,734400,1704.0,1755.0,1685.0,1749.0,1749.0,173200,3830.0,3945.0,3825.0,3945.0,3945.0,81500,1421.0,1458.0,1421.0,1457.0,1457.0,32500,4360.0,4417.0,4343.0,4414.0,4414.0,747000,2684.0,2733.5,2679.0,2727.5,2727.5,4469400,1261.0,1277.0,1251.0,1270.0,1270.0,671900,7405.0,7583.0,7375.0,7556.0,7556.0,277600,1045.0,1052.0,1042.0,1048.0,1048.0,114200,1430.0,1465.0,1430.0,1462.0,1462.0,323700,2640.0,2696.0,2634.0,2683.0,2683.0,95200,2258.0,2287.0,2253.5,2276.5,2276.5,3200700,2918.0,2965.5,2910.0,2960.0,2960.0,780600,1486.0,1521.5,1484.5,1515.0,1515.0,1010200,1015.0,1034.0,1013.5,1030.5,1030.5,2136800,880.0,894.5,877.0,892.7000122070312,892.7000122070312,517800,1368.5,1392.0,1368.0,1391.5,1391.5,368900,928.0,940.7999877929688,924.0,939.7999877929688,939.7999877929688,5776400,783.5,807.9000244140625,780.0,783.0,783.0,72531200,1345.0,1363.0,1345.0,1363.0,1363.0,74700,1108.5,1128.5,1105.5,1116.5,1116.5,2238900,2106.5,2131.5,2098.5,2123.5,2123.5,1395700
